sp|P32366|VA0D_YEAST	7
sp|P38129|TAF5_YEAST	7
sp|Q08972|NEW1_YEAST	35
sp|P20459|IF2A_YEAST	11
sp|P33442|RS3A1_YEAST	5
sp|P53729|YN8H_YEAST	1
sp|Q12163|NBP2_YEAST	2
sp|P07246|ADH3_YEAST	11
sp|Q02648|TRM44_YEAST	4
sp|P27882|ERV1_YEAST	2
sp|Q07807|PUF3_YEAST	10
sp|P21954|IDHP_YEAST	14
sp|Q86ZR7|YKD3A_YEAST	6
sp|P53333|CWC22_YEAST	1
sp|P26785|RL16B_YEAST	9
sp|Q07540|FRDA_YEAST	2
sp|P53875|RM19_YEAST	2
sp|Q08754|BUD7_YEAST	2
sp|P06775|HIP1_YEAST	2
sp|Q12339|UTP23_YEAST	3
sp|P32899|IMP3_YEAST	4
sp|P23291|KC11_YEAST	5
sp|Q06451|TPO3_YEAST	2
sp|P03965|CARB_YEAST	23
sp|P31373|CYS3_YEAST	11
sp|P38068|GLRX7_YEAST	3
sp|P32452|PHA2_YEAST	1
sp|P21192|ACE2_YEAST	1
sp|P32600|TOR2_YEAST	1
sp|P39547|UIP3_YEAST	1
sp|P53327|SLH1_YEAST	1
sp|P46971|PMT4_YEAST	6
sp|Q07950|YEH2_YEAST	3
sp|Q06103|RPN7_YEAST	12
sp|Q01519|COX12_YEAST	2
sp|Q01852|TIM44_YEAST	12
sp|P39727|ERV46_YEAST	4
sp|P25038|IF2M_YEAST	1
sp|P54838|DAK1_YEAST	24
sp|P38315|YBP1_YEAST	1
sp|Q05021|TAF7_YEAST	1
sp|P38986|ASPG1_YEAST	7
sp|P35180|TOM20_YEAST	5
sp|P40481|HPM1_YEAST	1
sp|P09436|SYIC_YEAST	37
sp|P20449|DBP5_YEAST	19
sp|P40515|FIS1_YEAST	3
sp|P53145|LSG1_YEAST	10
sp|P38351|PAF1_YEAST	5
sp|P52893|ALAM_YEAST	9
sp|P12904|AAKG_YEAST	4
sp|P22696|ESS1_YEAST	5
sp|P39005|KRE9_YEAST	3
sp|Q07478|SUB2_YEAST	22
sp|Q01590|SED5_YEAST	4
sp|P40553|DOT5_YEAST	2
sp|Q12680|GLT1_YEAST	52
sp|P32474|EUG1_YEAST	3
sp|P40856|SA185_YEAST	2
sp|Q08921|TCO89_YEAST	1
sp|P33421|SDH3_YEAST	1
sp|P54074|ASI1_YEAST	1
sp|P32904|RM06_YEAST	1
sp|P39994|YEC0_YEAST	3
sp|Q06629|HDA2_YEAST	2
sp|P38630|RFC1_YEAST	6
sp|P46672|G4P1_YEAST	20
sp|P32773|TOA1_YEAST	1
sp|P34240|ZRT3_YEAST	1
sp|P36156|GTO2_YEAST	1
sp|Q12149|RRP6_YEAST	2
sp|P39683|NPT1_YEAST	12
sp|O42831|YA075_YEAST	1
sp|Q02196|KAPS_YEAST	2
sp|P32463|ACPM_YEAST	3
sp|P07347|ARD1_YEAST	7
sp|Q02931|UTP17_YEAST	10
sp|P21268|FAR1_YEAST	1
sp|P38961|RRP8_YEAST	3
sp|P38817|GGA2_YEAST	7
sp|Q07951|POC3_YEAST	1
sp|Q07953|SDO1_YEAST	5
sp|P53318|COQ6_YEAST	3
sp|Q08492|BUD21_YEAST	1
sp|P15565|TRM1_YEAST	7
sp|Q99316|MPD2_YEAST	3
sp|Q12044|RCN2_YEAST	4
sp|P25631|YCU1_YEAST	5
sp|P40054|SERA_YEAST	2
sp|P53853|VPS75_YEAST	2
sp|P32639|BRR2_YEAST	2
sp|Q08202|OPI10_YEAST	4
sp|P50264|FMS1_YEAST	1
sp|P19146|ARF2_YEAST	1
sp|P39008|POP2_YEAST	2
sp|Q06672|TSR2_YEAST	2
sp|P40514|YIG7_YEAST	1
sp|P06197|PIS_YEAST	4
sp|P40302|PSA6_YEAST	9
sp|Q99176|SRN2_YEAST	2
sp|P00560|PGK_YEAST	46
sp|Q03201|RT10_YEAST	3
sp|P53331|REXO1_YEAST	3
sp|P38787|PANE_YEAST	9
sp|P38144|ISW1_YEAST	16
sp|Q12427|STB3_YEAST	3
sp|Q12362|RIB2_YEAST	1
sp|P41318|LST8_YEAST	1
sp|P07269|PHO2_YEAST	1
sp|P07259|PYR1_YEAST	87
sp|P20967|ODO1_YEAST	16
sp|P38635|HIS9_YEAST	1
sp|Q06224|YSH1_YEAST	3
sp|P51533|PDR10_YEAST	1
sp|Q12275|YO093_YEAST	2
sp|P04801|SYTC_YEAST	36
sp|P32836|GSP2_YEAST	1
sp|Q12514|NOT5_YEAST	5
sp|P40463|VHS2_YEAST	1
sp|P38875|GPI16_YEAST	6
sp|P36039|EMC3_YEAST	1
sp|P15367|SEC11_YEAST	1
sp|P32860|NFU1_YEAST	6
sp|P20424|SRP54_YEAST	13
sp|Q05050|EIS1_YEAST	20
sp|Q12200|NPC1_YEAST	1
sp|P55752|ISCB_YEAST	4
sp|O13297|CET1_YEAST	6
sp|P38920|MLH1_YEAST	2
sp|P52286|SKP1_YEAST	6
sp|Q08687|TMA16_YEAST	1
sp|P34237|CASP_YEAST	7
sp|Q05584|GLO2_YEAST	7
sp|Q08285|RRP40_YEAST	2
sp|P39105|PLB1_YEAST	5
sp|P22803|TRX2_YEAST	5
sp|Q07648|DTD_YEAST	3
sp|P27680|COQ3_YEAST	1
sp|P40094|COG3_YEAST	1
sp|P38803|IPI1_YEAST	1
sp|P38805|RPF1_YEAST	4
sp|P40325|HUA1_YEAST	1
sp|Q04301|VBA1_YEAST	2
sp|Q12271|INP53_YEAST	16
sp|Q07451|YET3_YEAST	5
sp|P53155|YGI2_YEAST	5
sp|P53330|RT102_YEAST	3
sp|Q05567|SGPL_YEAST	12
sp|P08518|RPB2_YEAST	27
sp|Q6Q560|ISD11_YEAST	5
sp|P32485|HOG1_YEAST	3
sp|P53265|YG2W_YEAST	7
sp|Q04964|SML1_YEAST	2
sp|Q02875|SYH1_YEAST	7
sp|P30619|SEC1_YEAST	3
sp|Q06106|MRD1_YEAST	8
sp|Q12452|ERG27_YEAST	8
sp|P40485|SLM1_YEAST	4
sp|P42845|STB1_YEAST	1
sp|Q03430|RSM28_YEAST	2
sp|P54787|VPS9_YEAST	2
sp|P53072|TAN1_YEAST	6
sp|P43589|SAD1_YEAST	1
sp|Q12123|DCS2_YEAST	2
sp|P17883|SKI3_YEAST	13
sp|Q03305|RMT2_YEAST	3
sp|P40040|THO1_YEAST	7
sp|Q04304|YMY0_YEAST	5
sp|Q12176|MAK21_YEAST	15
sp|P49166|RL37A_YEAST	4
sp|Q12082|YD157_YEAST	1
sp|Q08649|ESA1_YEAST	1
sp|Q03957|CTK1_YEAST	1
sp|Q12363|WTM1_YEAST	15
sp|P38911|FKBP3_YEAST	9
sp|P49956|CTF18_YEAST	1
sp|P46676|SUM1_YEAST	6
sp|Q04401|ACN9_YEAST	2
sp|P24000|RL24B_YEAST	1
sp|P25451|PSB3_YEAST	3
sp|P19524|MYO2_YEAST	16
sp|P09440|C1TM_YEAST	18
sp|P32377|MVD1_YEAST	12
sp|P54791|ORC4_YEAST	3
sp|P34250|SEG2_YEAST	2
sp|P40363|SFGH_YEAST	7
sp|P17709|HXKG_YEAST	16
sp|P53043|PPT1_YEAST	10
sp|P32857|PTM1_YEAST	4
sp|P06839|RAD3_YEAST	3
sp|P32367|TFC1_YEAST	1
sp|P38070|YPK3_YEAST	2
sp|P38703|LAG1_YEAST	1
sp|P32340|NDI1_YEAST	7
sp|P89886|TMA20_YEAST	6
sp|Q12496|YO098_YEAST	10
sp|P38996|NAB3_YEAST	7
sp|P09959|SWI6_YEAST	4
sp|P39101|CAJ1_YEAST	11
sp|P14832|CYPH_YEAST	7
sp|P32465|HXT1_YEAST	2
sp|Q06511|RRP15_YEAST	3
sp|P53866|SQS1_YEAST	2
sp|P48570|HOSC_YEAST	4
sp|Q12220|UTP12_YEAST	4
sp|P38208|POP8_YEAST	1
sp|P38427|TSL1_YEAST	18
sp|P47158|CAF17_YEAST	1
sp|P49723|RIR4_YEAST	19
sp|P36160|RPF2_YEAST	3
sp|P40185|MMF1_YEAST	10
sp|P38682|GLO3_YEAST	15
sp|P46963|CTK3_YEAST	2
sp|P38301|GDT1_YEAST	3
sp|P36008|EF1G2_YEAST	24
sp|P07266|MRS1_YEAST	2
sp|P38623|RCK2_YEAST	7
sp|P32457|CDC3_YEAST	12
sp|P40352|RAD26_YEAST	1
sp|Q06211|MMS1_YEAST	1
sp|P38153|AP3M_YEAST	4
sp|Q05636|RRP45_YEAST	4
sp|P33416|HSP78_YEAST	20
sp|P48837|NUP57_YEAST	4
sp|P06634|DED1_YEAST	24
sp|Q00916|RU17_YEAST	1
sp|P37370|VRP1_YEAST	6
sp|P40353|ATF1_YEAST	1
sp|P51401|RL9B_YEAST	1
sp|P32914|SPT4_YEAST	2
sp|P40344|ATG3_YEAST	1
sp|P53163|MNP1_YEAST	4
sp|P49090|ASNS2_YEAST	14
sp|P09547|SWI1_YEAST	1
sp|P40078|NSA2_YEAST	1
sp|P40011|RRAAH_YEAST	3
sp|P18963|IRA1_YEAST	4
sp|P05737|RL7A_YEAST	1
sp|P53899|YNP5_YEAST	1
sp|P47093|LSM8_YEAST	1
sp|Q12359|ATO3_YEAST	2
sp|P39109|YCFI_YEAST	11
sp|Q12010|YPQ1_YEAST	1
sp|P40529|AGE2_YEAST	5
sp|P38295|MCFS2_YEAST	7
sp|Q02046|MTD1_YEAST	8
sp|P08964|MYO1_YEAST	3
sp|P43555|EMP47_YEAST	9
sp|P13574|STE12_YEAST	3
sp|P37366|CCL1_YEAST	2
sp|P22141|PSB4_YEAST	4
sp|Q04697|GSF2_YEAST	6
sp|P53140|RMD9_YEAST	5
sp|Q08220|GSHB_YEAST	14
sp|P53959|COG6_YEAST	2
sp|P04046|PUR1_YEAST	12
sp|Q06709|REH1_YEAST	5
sp|P53753|ENG1_YEAST	1
sp|P38903|2A5D_YEAST	5
sp|P47912|LCF4_YEAST	12
sp|P15108|HSC82_YEAST	10
sp|P00635|PPA5_YEAST	2
sp|Q03532|HAS1_YEAST	13
sp|P28272|PYRD_YEAST	9
sp|P36517|RM04_YEAST	1
sp|P29366|BEM1_YEAST	3
sp|P31688|TPS2_YEAST	24
sp|P40989|FKS2_YEAST	2
sp|P80428|ARP4_YEAST	3
sp|Q12009|TRMB_YEAST	3
sp|Q99260|YPT6_YEAST	2
sp|P32329|YPS1_YEAST	1
sp|P32873|BEM3_YEAST	2
sp|P38200|SHE1_YEAST	1
sp|P39995|EAF5_YEAST	2
sp|P23250|RPI1_YEAST	2
sp|P42945|UTP10_YEAST	15
sp|P40507|AIR1_YEAST	1
sp|P25302|SWI4_YEAST	1
sp|Q04409|EMI2_YEAST	11
sp|Q03758|BUL2_YEAST	3
sp|P32897|TIM23_YEAST	4
sp|Q12028|AP1G1_YEAST	7
sp|P06168|ILV5_YEAST	26
sp|P53114|MED5_YEAST	5
sp|P53271|COG2_YEAST	1
sp|P00424|COX5A_YEAST	1
sp|P02400|RLA4_YEAST	12
sp|Q04031|RRP17_YEAST	1
sp|Q05029|BCH1_YEAST	8
sp|Q12000|TMA46_YEAST	7
sp|P38626|NCB5R_YEAST	10
sp|P00925|ENO2_YEAST	33
sp|P40096|NCB1_YEAST	1
sp|P53935|NST1_YEAST	1
sp|P17890|RPC7_YEAST	3
sp|P37302|APE3_YEAST	11
sp|P08417|FUMH_YEAST	14
sp|P38235|YBQ3_YEAST	7
sp|Q02890|PNG1_YEAST	1
sp|P43132|BRE2_YEAST	1
sp|P07834|CDC4_YEAST	1
sp|P40019|CHZ1_YEAST	1
sp|P09950|HEM1_YEAST	7
sp|P26755|RFA3_YEAST	2
sp|P40448|YIQ3_YEAST	1
sp|Q05933|ARPC3_YEAST	3
sp|P43561|FET5_YEAST	1
sp|Q12192|RFM1_YEAST	1
sp|Q00539|NAM8_YEAST	2
sp|P05317|RLA0_YEAST	10
sp|Q06090|RM51_YEAST	1
sp|P53316|YG5B_YEAST	4
sp|Q07534|S2538_YEAST	1
sp|P22336|RFA1_YEAST	19
sp|Q12340|YRM1_YEAST	1
sp|Q12415|TFC7_YEAST	6
sp|P40506|PPCS_YEAST	7
sp|P53315|SOL4_YEAST	3
sp|P32325|DBF4_YEAST	1
sp|Q02455|MLP1_YEAST	21
sp|P40459|PANC_YEAST	3
sp|P54730|UBX4_YEAST	4
sp|P00498|HIS1_YEAST	12
sp|P53850|RTC4_YEAST	1
sp|P40510|SER33_YEAST	5
sp|P32854|PEP12_YEAST	1
sp|P39987|HSP7E_YEAST	1
sp|P38755|OSH7_YEAST	4
sp|P46992|YJR1_YEAST	3
sp|P39076|TCPB_YEAST	19
sp|P23595|PP2A2_YEAST	1
sp|Q06508|LOA1_YEAST	5
sp|P50087|MOS2_YEAST	2
sp|P33317|DUT_YEAST	2
sp|P00431|CCPR_YEAST	13
sp|Q12387|NAA25_YEAST	8
sp|Q8TGL7|YN003_YEAST	1
sp|O13585|YP089_YEAST	2
sp|Q08873|SCP1_YEAST	1
sp|P34160|NCBP1_YEAST	13
sp|P31383|2AAA_YEAST	7
sp|P13856|RSR1_YEAST	2
sp|P36100|T2EA_YEAST	6
sp|Q03661|ESC1_YEAST	6
sp|P38837|NSG1_YEAST	3
sp|P38221|CDS1_YEAST	5
sp|P10622|RLA3_YEAST	2
sp|P47103|CYP7_YEAST	2
sp|Q08650|DGAT2_YEAST	1
sp|Q02754|YP067_YEAST	2
sp|P36013|MAOM_YEAST	19
sp|P53835|PRM1_YEAST	1
sp|P53177|TYW3_YEAST	4
sp|P13586|ATC1_YEAST	6
sp|Q12122|HOSM_YEAST	3
sp|P43557|FMP32_YEAST	1
sp|P38203|LSM2_YEAST	3
sp|P53110|YGP9_YEAST	2
sp|P29295|HRR25_YEAST	3
sp|P46964|OST2_YEAST	1
sp|P31384|CCR4_YEAST	3
sp|P21306|ATP5E_YEAST	3
sp|P07256|QCR1_YEAST	9
sp|P39685|PO152_YEAST	8
sp|Q04673|SSL1_YEAST	1
sp|P47047|MTR4_YEAST	15
sp|P39692|MET10_YEAST	4
sp|P46982|MNN5_YEAST	8
sp|Q08235|BRX1_YEAST	5
sp|P40959|MVP1_YEAST	2
sp|P38873|KOG1_YEAST	4
sp|P23292|KC12_YEAST	8
sp|P40469|MET18_YEAST	4
sp|P40566|YIS7_YEAST	1
sp|P38348|HSM3_YEAST	1
sp|Q07716|AIM6_YEAST	1
sp|P35207|SKI2_YEAST	11
sp|P34241|URB1_YEAST	12
sp|P32047|MLF3_YEAST	3
sp|P38013|AHP1_YEAST	8
sp|P46681|DLD2_YEAST	3
sp|P40084|RTR1_YEAST	3
sp|P49435|APT1_YEAST	6
sp|P40533|TED1_YEAST	1
sp|P12385|ERF1_YEAST	15
sp|P36120|DBP7_YEAST	3
sp|P51601|GCH1_YEAST	2
sp|P36154|AIM29_YEAST	3
sp|P36151|YK50_YEAST	4
sp|P42943|TCPH_YEAST	18
sp|P07267|CARP_YEAST	12
sp|P22855|MAN1_YEAST	1
sp|P05030|PMA1_YEAST	10
sp|P43616|DUG1_YEAST	19
sp|P37298|DHSD_YEAST	3
sp|P22138|RPA2_YEAST	23
sp|P16862|PFKA2_YEAST	37
sp|P36104|SWD2_YEAST	2
sp|P32316|ACH1_YEAST	7
sp|P39966|PP2C2_YEAST	5
sp|P40043|RGI1_YEAST	2
sp|P31755|OCH1_YEAST	4
sp|P53141|MLC1_YEAST	8
sp|P23248|RS3A2_YEAST	4
sp|P40107|GMT1_YEAST	1
sp|P39705|NUP60_YEAST	12
sp|P47087|YJY2_YEAST	1
sp|P32464|HYM1_YEAST	1
sp|P42940|ETFB_YEAST	4
sp|P53095|DSD1_YEAST	5
sp|P36123|SA190_YEAST	4
sp|Q04336|YM54_YEAST	6
sp|P48606|TBCA_YEAST	9
sp|Q07938|MTAP_YEAST	2
sp|P40988|FET4_YEAST	2
sp|P07277|KIME_YEAST	7
sp|Q00245|RHO3_YEAST	6
sp|Q99321|DDP1_YEAST	3
sp|P53076|VID30_YEAST	3
sp|Q04338|VTI1_YEAST	3
sp|Q05911|PUR8_YEAST	18
sp|P13298|PYRE_YEAST	10
sp|Q06011|ECM19_YEAST	1
sp|P38138|GLU2A_YEAST	4
sp|P35183|AST1_YEAST	3
sp|P53954|ALG11_YEAST	1
sp|Q03290|TFB3_YEAST	1
sp|P38146|YPT10_YEAST	1
sp|P17065|SEC2_YEAST	1
sp|P15891|ABP1_YEAST	29
sp|P40422|RPAB4_YEAST	2
sp|Q04183|TR120_YEAST	2
sp|P15624|SYFB_YEAST	22
sp|P50094|IMDH4_YEAST	8
sp|Q12306|SMT3_YEAST	6
sp|Q06078|UTP21_YEAST	5
sp|P53183|YGD9_YEAST	7
sp|P31109|SNC1_YEAST	1
sp|P13188|SYQ_YEAST	37
sp|P29055|TF2B_YEAST	2
sp|Q04491|SEC13_YEAST	11
sp|Q04371|YMR7_YEAST	10
sp|P42847|RT18_YEAST	3
sp|P20486|CKS1_YEAST	1
sp|P38795|NADE_YEAST	13
sp|P47050|CUL8_YEAST	3
sp|O14467|MBF1_YEAST	8
sp|P21965|MCK1_YEAST	12
sp|P40070|LSM4_YEAST	4
sp|Q03981|CSN9_YEAST	1
sp|P36532|RM37_YEAST	3
sp|P33332|SEC3_YEAST	4
sp|P35728|MPE1_YEAST	2
sp|P38782|MED6_YEAST	1
sp|P27614|CBPS_YEAST	9
sp|Q06338|BCP1_YEAST	3
sp|P32909|SMY2_YEAST	6
sp|P40561|SGN1_YEAST	2
sp|P36037|DOA1_YEAST	5
sp|P32588|PUB1_YEAST	3
sp|Q02959|HOS3_YEAST	3
sp|Q00684|CDC14_YEAST	3
sp|P53261|PESC_YEAST	13
sp|P33327|DHE2_YEAST	6
sp|Q9URQ5|HTL1_YEAST	2
sp|P11792|SCH9_YEAST	3
sp|Q12019|MDN1_YEAST	48
sp|P43582|WWM1_YEAST	5
sp|P32605|RU1A_YEAST	1
sp|P53256|RRP46_YEAST	3
sp|Q04868|ELP6_YEAST	2
sp|Q00055|GPD1_YEAST	12
sp|P05694|METE_YEAST	36
sp|Q08023|FMP25_YEAST	1
sp|Q05874|NNT1_YEAST	1
sp|Q03503|NAA30_YEAST	1
sp|Q12746|PGA3_YEAST	4
sp|P43612|SA155_YEAST	4
sp|Q12404|MPD1_YEAST	5
sp|P36018|YPT52_YEAST	3
sp|P53551|H1_YEAST	2
sp|Q12001|ALG6_YEAST	1
sp|P53628|SNF12_YEAST	1
sp|P41895|T2FA_YEAST	10
sp|P53897|IGO1_YEAST	2
sp|P53096|HOS2_YEAST	1
sp|P31115|PUS3_YEAST	3
sp|P38736|GOSR1_YEAST	4
sp|P32445|RIM1_YEAST	4
sp|P48836|VATG_YEAST	5
sp|P28007|GAR1_YEAST	5
sp|P09620|KEX1_YEAST	5
sp|Q3E833|PCC1_YEAST	3
sp|P50946|OCA1_YEAST	3
sp|P12611|WHI2_YEAST	1
sp|P43590|YFH6_YEAST	7
sp|P22140|EPT1_YEAST	2
sp|P40159|YNU8_YEAST	6
sp|P81451|ATP19_YEAST	1
sp|Q12206|WTM2_YEAST	3
sp|Q08971|YP225_YEAST	8
sp|P23644|TOM40_YEAST	7
sp|P12868|PEP5_YEAST	5
sp|Q12464|RUVB2_YEAST	15
sp|P38922|HRB1_YEAST	7
sp|P15801|DPOG_YEAST	1
sp|P32388|RM49_YEAST	2
sp|P32461|DPH2_YEAST	3
sp|Q06839|YP097_YEAST	6
sp|P24783|DBP2_YEAST	15
sp|P40356|MED3_YEAST	1
sp|P38773|DOG2_YEAST	1
sp|P53852|SYC_YEAST	28
sp|P23503|NAR1_YEAST	1
sp|Q02784|GLRX5_YEAST	5
sp|P50945|AIM37_YEAST	1
sp|P03871|REP1_YEAST	3
sp|Q12179|YP245_YEAST	1
sp|P38331|YB92_YEAST	2
sp|P39724|AIM1_YEAST	1
sp|P53191|PIB2_YEAST	1
sp|P36421|SYYC_YEAST	12
sp|P20457|PRI2_YEAST	1
sp|P38928|AXL2_YEAST	1
sp|Q03579|LIP1_YEAST	1
sp|P17649|GABAT_YEAST	11
sp|P36145|T2EB_YEAST	3
sp|P35817|BDF1_YEAST	4
sp|Q10740|LKHA4_YEAST	9
sp|P47108|URB2_YEAST	5
sp|P21243|PSA1_YEAST	8
sp|P22139|RPAB5_YEAST	1
sp|P23301|IF5A1_YEAST	8
sp|P39931|SS120_YEAST	3
sp|P38882|UTP9_YEAST	4
sp|P32891|DLD1_YEAST	6
sp|P42938|TDA10_YEAST	1
sp|P54837|TMEDA_YEAST	4
sp|P47011|GLG2_YEAST	1
sp|Q06213|MED10_YEAST	1
sp|P22108|APA2_YEAST	1
sp|P32525|ECM25_YEAST	3
sp|P36027|MID2_YEAST	1
sp|P15303|SEC23_YEAST	20
sp|P06773|DCTD_YEAST	2
sp|P08004|CHS1_YEAST	5
sp|P37291|GLYC_YEAST	25
sp|P53044|UFD1_YEAST	4
sp|P39926|SSO2_YEAST	4
sp|Q12272|TPT1_YEAST	2
sp|P38149|DUG2_YEAST	6
sp|P53164|NPY1_YEAST	5
sp|P40066|GLE2_YEAST	6
sp|P23542|AATC_YEAST	18
sp|Q01855|RS15_YEAST	6
sp|P53267|DAM1_YEAST	1
sp|P32590|HSP79_YEAST	9
sp|P06776|PDE2_YEAST	2
sp|Q06179|FMP27_YEAST	1
sp|P00950|PMG1_YEAST	23
sp|P09734|TBA3_YEAST	6
sp|P32381|ARP2_YEAST	12
sp|P33296|UBC6_YEAST	4
sp|Q08045|LCL2_YEAST	1
sp|P53090|ARO8_YEAST	18
sp|P05626|ATPF_YEAST	4
sp|P16521|EF3A_YEAST	44
sp|P22204|DBF2_YEAST	1
sp|P05743|RL26A_YEAST	1
sp|P10127|ADH4_YEAST	1
sp|P34232|MTR2_YEAST	2
sp|P22768|ASSY_YEAST	5
sp|P23642|VAN1_YEAST	4
sp|P25555|GBP2_YEAST	7
sp|P32939|YPT7_YEAST	5
sp|P27801|PEP3_YEAST	2
sp|P38339|RGD1_YEAST	3
sp|P08456|PSS_YEAST	2
sp|P05085|ARGR2_YEAST	1
sp|P39936|IF4F2_YEAST	9
sp|P36019|YPT53_YEAST	1
sp|P25332|RBSK_YEAST	1
sp|P39954|SAHH_YEAST	24
sp|P47075|VTC4_YEAST	23
sp|P54781|ERG5_YEAST	6
sp|Q02100|SKO1_YEAST	1
sp|Q12287|COX17_YEAST	1
sp|P32528|DUR1_YEAST	23
sp|P40089|LSM5_YEAST	3
sp|P39993|GEA2_YEAST	6
sp|P48362|HGH1_YEAST	6
sp|P53111|ARI1_YEAST	5
sp|P25355|CTR86_YEAST	2
sp|Q00772|SLT2_YEAST	3
sp|P40496|RT25_YEAST	2
sp|Q06218|DBP9_YEAST	13
sp|P44983|UTR6_YEAST	93
sp|P19263|MED14_YEAST	1
sp|P53740|YN8S_YEAST	1
sp|P10592|HSP72_YEAST	15
sp|Q08230|SDHF2_YEAST	1
sp|Q08963|RU2A_YEAST	1
sp|P46990|RL17B_YEAST	1
sp|P40462|TM108_YEAST	14
sp|P25580|PBN1_YEAST	1
sp|P40161|RT106_YEAST	8
sp|P15442|GCN2_YEAST	2
sp|P33749|MSN4_YEAST	1
sp|P44374|SFG2_YEAST	2
sp|P53136|NSA1_YEAST	5
sp|P40893|REE1_YEAST	6
sp|P14747|PP2B2_YEAST	6
sp|P39960|BEM2_YEAST	25
sp|P39001|UME6_YEAST	2
sp|P39106|MNN1_YEAST	2
sp|P07260|IF4E_YEAST	8
sp|P53691|PPID_YEAST	12
sp|P0C2H8|RL31A_YEAST	1
sp|P04802|SYDC_YEAST	28
sp|P22202|HSP74_YEAST	8
sp|P40005|PFD2_YEAST	2
sp|Q03648|YM59_YEAST	2
sp|P38349|UBX7_YEAST	3
sp|P07251|ATPA_YEAST	20
sp|P32629|ANP1_YEAST	1
sp|P53255|DRN1_YEAST	2
sp|P50101|UBP15_YEAST	4
sp|P28495|CAPZA_YEAST	7
sp|P33448|TOM6_YEAST	1
sp|P36520|RM10_YEAST	3
sp|Q06524|SUE1_YEAST	1
sp|Q07471|THI3_YEAST	1
sp|P41819|DIM1_YEAST	5
sp|P40960|PAC11_YEAST	1
sp|P38604|ERG7_YEAST	1
sp|P53337|ERV29_YEAST	4
sp|P06208|LEU1_YEAST	12
sp|P28777|AROC_YEAST	18
sp|P19097|FAS2_YEAST	86
sp|P38288|TOS1_YEAST	2
sp|P38266|AIM3_YEAST	1
sp|P43577|GNA1_YEAST	5
sp|Q02256|PVH1_YEAST	8
sp|Q04792|DCE_YEAST	7
sp|Q06489|MTNA_YEAST	7
sp|O43137|YB085_YEAST	3
sp|Q04728|ARGJ_YEAST	7
sp|P32471|EF1B_YEAST	12
sp|P33202|UFD4_YEAST	5
sp|P38970|HAL5_YEAST	5
sp|Q08157|YOL19_YEAST	1
sp|Q03330|GCN5_YEAST	2
sp|P38523|GRPE_YEAST	7
sp|Q06410|ATG17_YEAST	1
sp|P38162|YBK7_YEAST	1
sp|Q12458|YPR1_YEAST	9
sp|P39014|MET30_YEAST	1
sp|P00427|COX6_YEAST	8
sp|Q12511|PDP1_YEAST	6
sp|P41734|IAH1_YEAST	1
sp|P20433|RPB4_YEAST	3
sp|P0CT04|IPB2_YEAST	3
sp|Q12403|ERP3_YEAST	1
sp|P53063|DXO_YEAST	4
sp|P25588|MRC1_YEAST	2
sp|P07262|DHE4_YEAST	14
sp|Q3E756|YB029_YEAST	1
sp|Q12189|RPIA_YEAST	7
sp|P26783|RS5_YEAST	17
sp|P42935|ELP2_YEAST	10
sp|P28496|LAC1_YEAST	1
sp|Q07800|PSR1_YEAST	2
sp|Q12102|CFT2_YEAST	3
sp|P23638|PSA3_YEAST	11
sp|P38250|IST2_YEAST	14
sp|Q08229|NBA1_YEAST	5
sp|P43633|ALK1_YEAST	1
sp|Q12462|PEX11_YEAST	1
sp|Q03048|COFI_YEAST	6
sp|Q08179|MDM38_YEAST	9
sp|Q08645|FOLE_YEAST	3
sp|Q08826|SNX3_YEAST	2
sp|P53720|DUS2_YEAST	2
sp|P46674|SAC3_YEAST	1
sp|Q3E795|YL361_YEAST	1
sp|Q99186|AP2M_YEAST	1
sp|P25298|RNA14_YEAST	4
sp|P48234|NOL10_YEAST	6
sp|Q12463|TRM11_YEAST	3
sp|P45818|ROK1_YEAST	5
sp|P36048|SN114_YEAST	3
sp|P53951|COG5_YEAST	1
sp|P36105|RL14A_YEAST	1
sp|P07257|QCR2_YEAST	11
sp|Q12377|RPN6_YEAST	9
sp|Q12395|DCN1_YEAST	2
sp|P38342|TSC10_YEAST	5
sp|P24279|MCM3_YEAST	13
sp|P25337|BUD31_YEAST	1
sp|P0C2H9|RL31B_YEAST	1
sp|P36101|YKC7_YEAST	9
sp|P19735|PRP6_YEAST	2
sp|P39009|DUN1_YEAST	1
sp|Q04373|PUF6_YEAST	7
sp|P22133|MDHC_YEAST	3
sp|P26570|PPZ1_YEAST	1
sp|P53272|YG34_YEAST	1
sp|P39013|END3_YEAST	6
sp|P10862|RAD18_YEAST	1
sp|P53874|UBP10_YEAST	3
sp|Q06405|ATPK_YEAST	2
sp|P53010|PAN2_YEAST	3
sp|Q12402|YOP1_YEAST	3
sp|Q02883|FMP30_YEAST	1
sp|Q12291|YL063_YEAST	1
sp|P36533|RM39_YEAST	1
sp|P38428|CUE1_YEAST	2
sp|Q12245|POC4_YEAST	1
sp|Q99382|ENV10_YEAST	1
sp|P53929|YNK8_YEAST	5
sp|Q02204|RM13_YEAST	6
sp|Q12059|ULA1_YEAST	1
sp|P32901|PTR2_YEAST	3
sp|P38274|HSL7_YEAST	1
sp|P40327|PRS4_YEAST	12
sp|P49017|COQ5_YEAST	5
sp|P53201|SWC4_YEAST	1
sp|P40335|PEP8_YEAST	1
sp|Q06679|UTP4_YEAST	10
sp|P38969|PNT1_YEAST	1
sp|P47031|IML2_YEAST	8
sp|Q03407|PKH1_YEAST	1
sp|Q05022|RRP5_YEAST	50
sp|P38262|SIF2_YEAST	2
sp|P20084|RM33_YEAST	2
sp|P46969|RPE_YEAST	3
sp|Q99383|HRP1_YEAST	10
sp|P11076|ARF1_YEAST	2
sp|P32626|ENOPH_YEAST	3
sp|P13433|RPOM_YEAST	3
sp|P53253|NNF2_YEAST	1
sp|Q99312|ISN1_YEAST	3
sp|P40518|ARPC5_YEAST	5
sp|P04821|CDC25_YEAST	4
sp|P08566|ARO1_YEAST	44
sp|P31412|VATC_YEAST	13
sp|P06169|PDC1_YEAST	39
sp|P50623|UBC9_YEAST	1
sp|P40029|MSRA_YEAST	3
sp|P21825|SEC62_YEAST	4
sp|P38799|YHN8_YEAST	1
sp|P21771|RT28_YEAST	3
sp|P40088|FTR1_YEAST	3
sp|P46995|SET2_YEAST	4
sp|Q12515|PAR32_YEAST	4
sp|Q12298|YD061_YEAST	7
sp|P32611|RML2_YEAST	2
sp|Q03161|YMY9_YEAST	13
sp|P00830|ATPB_YEAST	20
sp|P43603|LSB3_YEAST	7
sp|P41058|RS29B_YEAST	4
sp|Q03337|TRS31_YEAST	2
sp|O13547|CCW14_YEAST	3
sp|P53258|GYP2_YEAST	4
sp|P09624|DLDH_YEAST	18
sp|P22135|ATP12_YEAST	2
sp|P39540|ELO1_YEAST	1
sp|P41543|OST1_YEAST	5
sp|P32602|SEC17_YEAST	8
sp|Q03558|OYE2_YEAST	16
sp|P25576|POF1_YEAST	1
sp|Q05949|BUR2_YEAST	2
sp|Q12504|RKM4_YEAST	2
sp|P25554|SGF29_YEAST	2
sp|P32364|SMY1_YEAST	1
sp|P32480|HIR2_YEAST	3
sp|Q12429|DPH6_YEAST	1
sp|P36036|YRA2_YEAST	2
sp|Q07508|LUC7_YEAST	1
sp|P47006|RPA34_YEAST	2
sp|P39538|UBP12_YEAST	5
sp|P52593|NU188_YEAST	10
sp|P53941|IMP4_YEAST	1
sp|Q3E747|YL363_YEAST	1
sp|P46682|AP3B_YEAST	11
sp|P00410|COX2_YEAST	1
sp|P40693|RLP7_YEAST	5
sp|P35724|MNR2_YEAST	1
sp|Q3E772|YG169_YEAST	2
sp|Q04839|GFD1_YEAST	2
sp|P40486|SHQ1_YEAST	1
sp|P38850|RT107_YEAST	1
sp|P46367|ALDH4_YEAST	17
sp|Q05518|PAL1_YEAST	9
sp|Q03195|RLI1_YEAST	17
sp|P38713|OSH3_YEAST	3
sp|Q03254|FCP1_YEAST	1
sp|P33412|ECT1_YEAST	1
sp|Q03834|MSH6_YEAST	4
sp|Q08561|IES4_YEAST	3
sp|P54115|ALDH6_YEAST	37
sp|Q02260|SMD1_YEAST	1
sp|Q04632|COG8_YEAST	2
sp|P38909|CYC2_YEAST	1
sp|P34217|PIN4_YEAST	7
sp|P38712|RRP3_YEAST	6
sp|P23724|PSB6_YEAST	6
sp|P25296|CANB_YEAST	7
sp|P38431|IF5_YEAST	14
sp|P38330|RMD9L_YEAST	1
sp|P40081|MGDP1_YEAST	2
sp|Q02486|ABF2_YEAST	5
sp|P23180|AIM17_YEAST	11
sp|Q12178|FCY1_YEAST	4
sp|P27616|PUR7_YEAST	18
sp|P38781|RSC30_YEAST	2
sp|Q04408|YD514_YEAST	1
sp|Q08273|RBX1_YEAST	1
sp|P04037|COX4_YEAST	4
sp|P41896|T2FB_YEAST	2
sp|P08524|FPPS_YEAST	12
sp|P33322|CBF5_YEAST	14
sp|P32861|UGPA1_YEAST	13
sp|P53250|TWF1_YEAST	9
sp|P35729|NU120_YEAST	6
sp|P28240|ACEA_YEAST	1
sp|P38328|ARPC1_YEAST	10
sp|P25846|MSH1_YEAST	1
sp|P40106|GPP2_YEAST	5
sp|P43591|YFH7_YEAST	3
sp|P38116|ARL1_YEAST	3
sp|Q01454|CTF4_YEAST	5
sp|P33297|PRS6A_YEAST	13
sp|Q04013|YHM2_YEAST	5
sp|P37303|GLY1_YEAST	11
sp|Q99216|PNO1_YEAST	6
sp|P32486|KRE6_YEAST	9
sp|P53960|YNE0_YEAST	3
sp|P53617|NRD1_YEAST	4
sp|P12383|PDR1_YEAST	3
sp|Q01476|UBP2_YEAST	12
sp|P36169|SKG1_YEAST	1
sp|Q04526|YMI3_YEAST	1
sp|P53206|CYSK_YEAST	6
sp|P35191|MDJ1_YEAST	4
sp|P03872|REP2_YEAST	3
sp|P32802|TMN1_YEAST	4
sp|P53507|TOM7_YEAST	1
sp|P32504|CBF3A_YEAST	1
sp|P14540|ALF_YEAST	40
sp|P41921|GSHR_YEAST	16
sp|P47037|SMC3_YEAST	7
sp|Q06833|YP091_YEAST	6
sp|P38256|YBU6_YEAST	2
sp|P38216|YBM6_YEAST	1
sp|P41814|TRM6_YEAST	4
sp|P32561|RPD3_YEAST	9
sp|Q04779|RCO1_YEAST	2
sp|P34226|SKT5_YEAST	2
sp|P14020|DPM1_YEAST	9
sp|Q03774|TRM82_YEAST	11
sp|Q06108|RGC1_YEAST	2
sp|P53925|YNL5_YEAST	2
sp|P38590|MSG5_YEAST	1
sp|P06782|SNF1_YEAST	6
sp|P19659|MED15_YEAST	4
sp|P25040|TSR4_YEAST	8
sp|P32266|MGM1_YEAST	6
sp|Q12386|ARP8_YEAST	10
sp|Q12297|TAF3_YEAST	1
sp|Q12451|OSH2_YEAST	4
sp|P14120|RL30_YEAST	5
sp|P53152|MMS2_YEAST	7
sp|P50106|RPA14_YEAST	1
sp|P05738|RL9A_YEAST	1
sp|P21269|CCA1_YEAST	4
sp|P53904|TBCB_YEAST	1
sp|Q04867|YM91_YEAST	2
sp|Q3E7Z5|YI002_YEAST	2
sp|P25644|PAT1_YEAST	14
sp|Q08484|GYP1_YEAST	2
sp|P39704|ERP2_YEAST	2
sp|Q08959|PGC1_YEAST	5
sp|P32468|CDC12_YEAST	9
sp|Q08745|RS10A_YEAST	1
sp|P12684|HMDH2_YEAST	5
sp|Q02326|RL6A_YEAST	6
sp|P40086|COX15_YEAST	4
sp|P32477|GSH1_YEAST	6
sp|Q12480|ETFA_YEAST	10
sp|P38886|RPN10_YEAST	6
sp|P36122|BCH2_YEAST	1
sp|P40994|ARF3_YEAST	2
sp|P43638|MHP1_YEAST	4
sp|P39952|OXA1_YEAST	1
sp|P04039|COX8_YEAST	1
sp|P23254|TKT1_YEAST	20
sp|P34072|MKS1_YEAST	1
sp|P47133|EMC2_YEAST	4
sp|P49167|RL38_YEAST	5
sp|P39998|EDC3_YEAST	7
sp|P16467|PDC5_YEAST	5
sp|Q3E790|TSC3_YEAST	1
sp|P19454|CSK22_YEAST	6
sp|P15731|UBC4_YEAST	1
sp|P47039|BNA3_YEAST	6
sp|P53834|HCH1_YEAST	6
sp|Q08245|ZEO1_YEAST	11
sp|Q04002|SCC2_YEAST	1
sp|P52923|AIF1_YEAST	1
sp|P53276|UTP8_YEAST	10
sp|P17536|TPM1_YEAST	17
sp|P16892|FUS3_YEAST	2
sp|P39744|NOC2_YEAST	14
sp|Q03786|GNTK_YEAST	3
sp|P40991|NOP2_YEAST	13
sp|Q99325|YO152_YEAST	1
sp|P37012|PGM2_YEAST	16
sp|P32599|FIMB_YEAST	20
sp|P32641|RAD24_YEAST	1
sp|P11154|PYC1_YEAST	4
sp|Q99278|MED11_YEAST	1
sp|Q02792|XRN2_YEAST	6
sp|P40069|IMB4_YEAST	32
sp|P16547|OM45_YEAST	2
sp|P18759|SEC18_YEAST	12
sp|Q6Q546|HUB1_YEAST	1
sp|P47018|MTC1_YEAST	9
sp|P43588|RPN11_YEAST	7
sp|P47150|RT07_YEAST	2
sp|P19881|PNPP_YEAST	8
sp|P38254|TTL_YEAST	4
sp|Q03529|SCS7_YEAST	5
sp|P38041|BOB1_YEAST	6
sp|Q12033|PALA_YEAST	1
sp|P47045|TIM54_YEAST	3
sp|P18480|SNF5_YEAST	3
sp|P05066|PHR_YEAST	1
sp|P38840|ARO9_YEAST	12
sp|Q05881|YL287_YEAST	5
sp|Q03429|MZM1_YEAST	1
sp|P33299|PRS7_YEAST	11
sp|Q06143|DIC1_YEAST	3
sp|Q06682|UBX5_YEAST	1
sp|P24814|GRR1_YEAST	1
sp|P40212|RL13B_YEAST	3
sp|P25628|ARE1_YEAST	2
sp|P43609|RSC8_YEAST	11
sp|Q12035|FCF2_YEAST	1
sp|Q01329|PTA1_YEAST	3
sp|P53913|FYV6_YEAST	1
sp|Q6Q547|NOP10_YEAST	3
sp|Q12181|NDOR1_YEAST	1
sp|P39521|FHL1_YEAST	1
sp|P25719|CYPC_YEAST	6
sp|Q12154|GET3_YEAST	16
sp|P20081|FKBP_YEAST	8
sp|Q07688|YPD1_YEAST	4
sp|P19073|CDC42_YEAST	3
sp|Q00582|GTR1_YEAST	1
sp|P25569|GID7_YEAST	1
sp|P47089|DENR_YEAST	7
sp|P36521|RM11_YEAST	4
sp|Q06146|YL257_YEAST	11
sp|P00927|THDH_YEAST	18
sp|P40956|GTS1_YEAST	6
sp|P38701|RS20_YEAST	9
sp|Q06406|LSM6_YEAST	3
sp|P47127|AIM24_YEAST	3
sp|P45978|SCD6_YEAST	8
sp|P40471|AYR1_YEAST	5
sp|P23202|URE2_YEAST	5
sp|Q3E834|YOS1_YEAST	1
Protein	1
sp|P40564|DJP1_YEAST	3
sp|P32644|ECM32_YEAST	4
sp|Q03104|MSC1_YEAST	4
sp|Q06625|GDE_YEAST	3
sp|Q03772|CWC15_YEAST	1
sp|P17629|HPR1_YEAST	2
sp|P36166|PXL1_YEAST	1
sp|P40328|TBP6_YEAST	1
sp|P40483|YIK8_YEAST	8
sp|Q07541|YD121_YEAST	2
sp|P22579|SIN3_YEAST	12
sp|P31116|DHOM_YEAST	20
sp|P38884|AIM18_YEAST	2
sp|Q12038|SRO7_YEAST	4
sp|P22516|CHL1_YEAST	1
sp|P28239|IPYR2_YEAST	1
sp|Q06485|ATG33_YEAST	1
sp|P33892|GCN1_YEAST	76
sp|Q04372|TAP42_YEAST	2
sp|P39078|TCPD_YEAST	17
sp|P52488|UBA2_YEAST	4
sp|P40961|PHB1_YEAST	8
sp|P40549|MNT3_YEAST	1
sp|P32864|RAEP_YEAST	2
sp|P28834|IDH1_YEAST	8
sp|P04449|RL24A_YEAST	1
sp|Q06142|IMB1_YEAST	12
sp|Q03656|SKY1_YEAST	7
sp|Q08960|TYW1_YEAST	4
sp|P34730|BMH2_YEAST	4
sp|P25491|MAS5_YEAST	12
sp|P25654|YCY0_YEAST	2
sp|Q04201|CUE4_YEAST	1
sp|Q04458|HFD1_YEAST	3
sp|Q99190|TSC13_YEAST	4
sp|Q12032|AIM41_YEAST	2
sp|P33401|PGM1_YEAST	10
sp|P32898|CYM1_YEAST	12
sp|P25616|YCQ5_YEAST	1
sp|P53298|OKP1_YEAST	1
sp|P29478|SEC65_YEAST	5
sp|P53912|YNN4_YEAST	6
sp|Q04562|TMN2_YEAST	1
sp|P32606|PT127_YEAST	1
sp|P38791|DHYS_YEAST	16
sp|P38145|RISA_YEAST	3
sp|Q02804|ARL3_YEAST	2
sp|P38198|STU1_YEAST	1
sp|P40850|MKT1_YEAST	10
sp|P38777|FSH1_YEAST	9
sp|P53125|ITC1_YEAST	4
sp|P51979|HFM1_YEAST	1
sp|P38230|QOR_YEAST	7
sp|P36094|SPC42_YEAST	2
sp|P40509|COPE_YEAST	6
sp|Q02354|UTP6_YEAST	3
sp|P36049|EBP2_YEAST	9
sp|P32776|TFB1_YEAST	1
sp|P47135|JSN1_YEAST	5
sp|P53273|YG35_YEAST	2
sp|P32379|PSA5_YEAST	7
sp|P36523|RM15_YEAST	3
sp|P39719|FLC2_YEAST	2
sp|Q12056|ISU2_YEAST	2
sp|P12887|UNG_YEAST	4
sp|P32259|MED16_YEAST	3
sp|P04806|HXKA_YEAST	19
sp|P39520|IFH1_YEAST	2
sp|P29029|CHIT_YEAST	1
sp|P33302|PDR5_YEAST	24
sp|P48589|RS12_YEAST	8
sp|P38822|BZZ1_YEAST	13
sp|Q06346|KEI1_YEAST	1
sp|P09435|HSP73_YEAST	2
sp|P53169|YBP2_YEAST	4
sp|Q04170|YD391_YEAST	3
sp|P36525|RM24_YEAST	1
sp|P04051|RPC1_YEAST	14
sp|P38075|PDX3_YEAST	12
sp|P38860|MTG2_YEAST	1
sp|P14907|NSP1_YEAST	13
sp|P53168|DUO1_YEAST	1
sp|P53538|SSU72_YEAST	2
sp|Q12469|SKM1_YEAST	1
sp|Q3E846|COA6_YEAST	2
sp|P32582|CBS_YEAST	32
sp|P36136|SHB17_YEAST	6
sp|P53903|PGA2_YEAST	3
sp|Q02969|PEX25_YEAST	2
sp|P22209|KIN3_YEAST	1
sp|Q05040|FAR8_YEAST	3
sp|Q05788|PNPH_YEAST	4
sp|P53312|SUCB_YEAST	12
sp|P33895|NUF2_YEAST	1
sp|Q12017|PLP2_YEAST	3
sp|P14772|BPT1_YEAST	3
sp|P07258|CARA_YEAST	2
sp|P38615|RIM11_YEAST	3
sp|P39742|SEC72_YEAST	2
sp|P09032|EI2BG_YEAST	6
sp|P54860|UFD2_YEAST	9
sp|Q06505|IWS1_YEAST	11
sp|P69852|HSK3_YEAST	1
sp|Q03705|CG121_YEAST	2
sp|Q06668|OMS1_YEAST	1
sp|Q03862|ARX1_YEAST	10
sp|P40516|SEE1_YEAST	2
sp|Q12314|YO021_YEAST	8
sp|P40303|PSA4_YEAST	6
sp|P33767|OSTB_YEAST	8
sp|P32317|AFG1_YEAST	1
sp|P47076|RPC9_YEAST	1
sp|Q04396|LPP1_YEAST	1
sp|Q99314|SAS5_YEAST	1
sp|P24280|SEC14_YEAST	14
sp|P47171|HIR3_YEAST	1
sp|P08539|GPA1_YEAST	6
sp|P36083|YKH5_YEAST	1
sp|P36016|LHS1_YEAST	11
sp|P48164|RS7B_YEAST	7
sp|Q04223|YM14_YEAST	1
sp|P38809|YHP7_YEAST	2
sp|P16451|ODPX_YEAST	5
sp|P38962|TVP23_YEAST	2
sp|P38788|SSZ1_YEAST	21
sp|P53868|ALG9_YEAST	4
sp|P39938|RS26A_YEAST	1
sp|P52892|ALAT_YEAST	1
sp|P33441|MFT1_YEAST	2
sp|P69771|DID2_YEAST	8
sp|Q07896|NOC3_YEAST	2
sp|P40555|PSMD9_YEAST	2
sp|Q08986|SAM3_YEAST	1
sp|P43535|GCN20_YEAST	16
sp|P10863|TIR1_YEAST	1
sp|P53144|YGK1_YEAST	3
sp|Q3E841|YN034_YEAST	2
sp|Q06624|RHC31_YEAST	4
sp|P53313|SDA1_YEAST	5
sp|P32908|SMC1_YEAST	6
sp|P53040|TAF6_YEAST	5
sp|P12688|YPK1_YEAST	7
sp|P53184|PNC1_YEAST	3
sp|Q12447|PAA1_YEAST	11
sp|P32469|DPH5_YEAST	6
sp|Q03559|YM8V_YEAST	1
sp|P39518|LCF2_YEAST	1
sp|P38239|YBR2_YEAST	1
sp|Q03308|VPS16_YEAST	2
sp|P32458|CDC11_YEAST	8
sp|P47095|MTNB_YEAST	1
sp|Q05934|VID22_YEAST	1
sp|P07275|PUT2_YEAST	8
sp|P01119|RAS1_YEAST	5
sp|P53299|TIM13_YEAST	3
sp|P38719|DBP8_YEAST	3
sp|P28708|PRR1_YEAST	1
sp|Q12406|ARP7_YEAST	7
sp|P29509|TRXB1_YEAST	12
sp|Q08689|NAT5_YEAST	2
sp|P26793|FEN1_YEAST	4
sp|P25371|ADP1_YEAST	3
sp|P00729|CBPY_YEAST	6
sp|P40079|LCP5_YEAST	3
sp|P40957|MAD1_YEAST	6
sp|P07285|TRPD_YEAST	5
sp|P43573|BUD27_YEAST	2
sp|P11745|RNA1_YEAST	18
sp|Q12029|FSF1_YEAST	6
sp|Q04693|RSE1_YEAST	4
sp|P53210|YG1B_YEAST	3
sp|P32264|PROB_YEAST	8
sp|P30665|MCM4_YEAST	9
sp|P16661|ALG1_YEAST	1
sp|P32798|COT1_YEAST	1
sp|Q06321|ATG26_YEAST	1
sp|P33313|CNS1_YEAST	5
sp|Q06494|PLR1_YEAST	6
sp|P39007|STT3_YEAST	8
sp|P00546|CDK1_YEAST	3
sp|Q92325|LAG2_YEAST	1
sp|P05453|ERF3_YEAST	22
sp|Q12344|GYP5_YEAST	1
sp|P40452|COA1_YEAST	1
sp|P50278|SOL1_YEAST	4
sp|P47104|RAV1_YEAST	3
sp|P29311|BMH1_YEAST	2
sp|P25847|MSH2_YEAST	9
sp|P33334|PRP8_YEAST	2
sp|P38255|RXT2_YEAST	1
sp|P40157|VID27_YEAST	6
sp|P40531|GVP36_YEAST	12
sp|P34110|VPS35_YEAST	1
sp|Q03533|TDA1_YEAST	1
sp|Q05787|HRD3_YEAST	1
sp|P07702|LYS2_YEAST	25
sp|Q06623|HDA3_YEAST	1
sp|P36775|LONM_YEAST	16
sp|Q03653|EFR3_YEAST	3
sp|P40218|YM24_YEAST	1
sp|P53549|PRS10_YEAST	6
sp|Q06689|YL413_YEAST	9
sp|P24004|PEX1_YEAST	2
sp|P40505|SDS3_YEAST	1
sp|P36106|BYE1_YEAST	1
sp|P20435|RPAB2_YEAST	2
sp|P47077|NOP9_YEAST	2
sp|Q06632|CFT1_YEAST	4
sp|Q03780|YD239_YEAST	1
sp|Q12296|MAM3_YEAST	3
sp|P38829|YHS2_YEAST	1
sp|P38690|YHJ3_YEAST	1
sp|Q01159|MCE1_YEAST	6
sp|P32803|EMP24_YEAST	3
sp|P53254|UTP22_YEAST	12
sp|P33204|ARPC4_YEAST	1
sp|P48360|ADRO_YEAST	4
sp|P38323|MCX1_YEAST	4
sp|P46654|RSSA2_YEAST	1
sp|P41940|MPG1_YEAST	15
sp|P47160|ENT3_YEAST	11
sp|P50107|LGUL_YEAST	7
sp|Q06671|ATG23_YEAST	1
sp|Q3E824|YO020_YEAST	1
sp|P36064|COXM1_YEAST	2
sp|P32774|T2AG_YEAST	1
sp|P38998|LYS1_YEAST	10
sp|P53121|FLC3_YEAST	2
sp|P39968|VAC8_YEAST	9
sp|P47096|3HAO_YEAST	3
sp|P40024|ARB1_YEAST	17
sp|P07244|PUR2_YEAST	26
sp|P32521|PAN1_YEAST	26
sp|Q04080|GPI17_YEAST	5
sp|P34760|TSA1_YEAST	11
sp|P32190|GLPK_YEAST	2
sp|Q02197|NAA35_YEAST	1
sp|Q06287|NEP1_YEAST	7
sp|P39940|RSP5_YEAST	18
sp|P15705|STI1_YEAST	30
sp|Q02205|MEH1_YEAST	1
sp|P02406|RL28_YEAST	8
sp|Q12114|CHS5_YEAST	9
sp|Q04311|VMS1_YEAST	2
sp|P04819|DNLI1_YEAST	4
sp|A5Z2X5|YP010_YEAST	1
sp|P13382|DPOA_YEAST	5
sp|P47048|YJE9_YEAST	1
sp|Q01722|GCR2_YEAST	1
sp|Q03674|PLB2_YEAST	2
sp|P38166|SFT2_YEAST	2
sp|P46973|HIT1_YEAST	1
sp|Q06217|SMD2_YEAST	1
sp|P33418|XPOT_YEAST	5
sp|P22215|SLY41_YEAST	2
sp|P47002|SSY5_YEAST	1
sp|P32352|ERG2_YEAST	3
sp|P38264|PHO88_YEAST	8
sp|Q12156|AIM7_YEAST	2
sp|P53859|CSL4_YEAST	7
sp|P40540|EMC5_YEAST	2
sp|Q12449|AHA1_YEAST	10
sp|Q00711|SDHA_YEAST	3
sp|P52910|ACS2_YEAST	18
sp|P38972|PUR4_YEAST	42
sp|P50086|PSD10_YEAST	4
sp|P35169|TOR1_YEAST	2
sp|P28321|MGLL_YEAST	7
sp|Q08723|RPN8_YEAST	7
sp|P32604|F26_YEAST	1
sp|Q08822|ETFD_YEAST	9
sp|P06780|RHO1_YEAST	8
sp|P24031|PPA3_YEAST	2
sp|P14682|UBC3_YEAST	3
sp|P53073|EMC4_YEAST	5
sp|P40202|CCS1_YEAST	6
sp|P48524|BUL1_YEAST	4
sp|P41810|COPB_YEAST	22
sp|Q08919|TRE1_YEAST	1
sp|P42934|PMT6_YEAST	2
sp|P38332|DPH7_YEAST	2
sp|P14065|GCY1_YEAST	4
sp|P53296|ATF2_YEAST	1
sp|P32781|AGA2_YEAST	1
sp|P47032|PRY1_YEAST	1
sp|P40501|AVT7_YEAST	1
sp|P10823|GPA2_YEAST	1
sp|Q04199|CAC2_YEAST	1
sp|P08678|CYAA_YEAST	2
sp|P40207|YM17_YEAST	1
sp|Q12434|GDIR_YEAST	4
sp|Q02630|NU116_YEAST	6
sp|Q12213|RL7B_YEAST	1
sp|Q03761|TAF12_YEAST	9
sp|P35176|CYPD_YEAST	9
sp|Q08236|AVO1_YEAST	1
sp|P38244|M28P1_YEAST	5
sp|Q12030|TAF10_YEAST	2
sp|P33399|LHP1_YEAST	5
sp|P32497|EIF3C_YEAST	23
sp|Q04217|DHR1_YEAST	10
sp|P40013|BIM1_YEAST	3
sp|P53326|YG5L_YEAST	1
sp|Q05580|YD266_YEAST	5
sp|P32501|EI2BE_YEAST	14
sp|P38779|CIC1_YEAST	7
sp|P53039|YIP1_YEAST	1
sp|Q06156|CND1_YEAST	3
sp|P39533|ACON2_YEAST	14
sp|P07866|LTE1_YEAST	1
sp|Q08818|MSC6_YEAST	5
sp|P32523|PRP19_YEAST	4
sp|P09938|RIR2_YEAST	13
sp|P31539|HS104_YEAST	44
sp|Q04081|LCMT1_YEAST	2
sp|P43597|YFI6_YEAST	10
sp|Q3E754|RS21B_YEAST	1
sp|Q12454|OCA6_YEAST	2
sp|P25639|YCV1_YEAST	1
sp|P25626|IMG1_YEAST	2
sp|P53905|LSM7_YEAST	2
sp|P38206|RFT1_YEAST	1
sp|P07274|PROF_YEAST	2
sp|P42838|LEM3_YEAST	4
sp|P32263|P5CR_YEAST	10
sp|P40499|ICE2_YEAST	1
sp|P36068|SHE2_YEAST	3
sp|Q12136|SAS10_YEAST	6
sp|O60200|MDM35_YEAST	1
sp|P40579|YIV5_YEAST	1
sp|P47124|HOC1_YEAST	4
sp|Q07878|VPS13_YEAST	38
sp|P47136|BUD4_YEAST	1
sp|Q08732|HRK1_YEAST	4
sp|P32570|MED22_YEAST	2
sp|Q06506|RRP9_YEAST	4
sp|Q06251|YL177_YEAST	1
sp|P38813|BIG1_YEAST	1
sp|P53172|SDS23_YEAST	3
sp|P00330|ADH1_YEAST	13
sp|P53942|RNH2A_YEAST	1
sp|P50079|HSV2_YEAST	1
sp|Q12697|YPK9_YEAST	2
sp|P40002|MIT1_YEAST	1
sp|P39557|YAL7_YEAST	1
sp|Q02776|TIM50_YEAST	14
sp|P47129|ACF4_YEAST	1
sp|Q12089|AEP3_YEAST	1
sp|P32790|SLA1_YEAST	15
sp|P32495|NHP2_YEAST	5
sp|Q99287|SEY1_YEAST	9
sp|Q12191|BUG1_YEAST	5
sp|P38205|NCL1_YEAST	25
sp|P12962|CAF20_YEAST	3
sp|Q04299|YMX7_YEAST	1
sp|P25627|BUD23_YEAST	1
sp|P53332|COAD_YEAST	3
sp|Q02795|OSTD_YEAST	2
sp|Q06991|PUN1_YEAST	2
sp|Q02555|RNT1_YEAST	1
sp|P25348|RM32_YEAST	1
sp|Q07657|SHS1_YEAST	10
sp|P15646|FBRL_YEAST	12
sp|P38874|ELP5_YEAST	1
sp|P40093|YEY6_YEAST	6
sp|P53616|SUN4_YEAST	1
sp|P34111|TFC3_YEAST	2
sp|Q04493|PFD5_YEAST	2
sp|P43613|ERJ5_YEAST	3
sp|P53131|PRP43_YEAST	11
sp|P38826|ORC6_YEAST	1
sp|P38139|LDH1_YEAST	1
sp|P04650|RL39_YEAST	2
sp|P53109|AIM14_YEAST	1
sp|Q06697|CDC73_YEAST	7
sp|P53081|GTPC1_YEAST	7
sp|P13517|CAPZB_YEAST	6
sp|P00890|CISY1_YEAST	13
sp|Q99288|DET1_YEAST	4
sp|Q04958|NTE1_YEAST	2
sp|P41811|COPB2_YEAST	20
sp|Q12117|MRH1_YEAST	7
sp|P54964|ORN_YEAST	4
sp|P38999|LYS9_YEAST	17
sp|P53244|ART5_YEAST	1
sp|P25045|LCB1_YEAST	7
sp|P23641|MPCP_YEAST	14
sp|P25617|YCQ6_YEAST	6
sp|P48015|GCST_YEAST	10
sp|Q12305|RDL1_YEAST	6
sp|P39714|BDH1_YEAST	4
sp|P32892|DRS1_YEAST	12
sp|P38959|VPS41_YEAST	1
sp|P12709|G6PI_YEAST	25
sp|P32855|SEC8_YEAST	4
sp|P48582|BRO1_YEAST	10
sp|Q04418|RBA50_YEAST	1
sp|P25567|SRO9_YEAST	11
sp|Q08193|GAS5_YEAST	6
sp|P25573|MGR1_YEAST	2
sp|P32356|TREA_YEAST	17
sp|P40030|ERG28_YEAST	1
sp|P51996|YPT32_YEAST	1
sp|P07255|COX9_YEAST	1
sp|P21560|CBP3_YEAST	4
sp|P32915|SC61A_YEAST	4
sp|P18899|DDR48_YEAST	5
sp|P43601|ATG18_YEAST	1
sp|P40210|SIP5_YEAST	3
sp|P39956|RPH1_YEAST	1
sp|P40368|NUP82_YEAST	2
sp|Q03691|ROT1_YEAST	1
sp|P25656|CDC50_YEAST	1
sp|P38715|GRE3_YEAST	15
sp|P53235|EIF2A_YEAST	15
sp|Q12675|ATC4_YEAST	4
sp|P35844|KES1_YEAST	15
sp|P52891|NUP84_YEAST	7
sp|P04076|ARLY_YEAST	6
sp|Q12250|RPN5_YEAST	12
sp|P33309|DOM34_YEAST	2
sp|P33336|SKN1_YEAST	1
sp|P32368|SAC1_YEAST	14
sp|P53598|SUCA_YEAST	10
sp|P21147|ACO1_YEAST	8
sp|P38344|REI1_YEAST	5
sp|P25343|RV161_YEAST	11
sp|P41807|VATH_YEAST	17
sp|P40164|PP4R3_YEAST	3
sp|P43587|YPI1_YEAST	2
sp|P32499|NUP2_YEAST	20
sp|P39524|ATC3_YEAST	1
sp|Q02732|CTF19_YEAST	1
sp|P25367|RNQ1_YEAST	3
sp|P25558|BUD3_YEAST	2
sp|P38745|YHB7_YEAST	1
sp|P46675|STU2_YEAST	2
sp|Q06678|RM35_YEAST	5
sp|P40477|NU159_YEAST	15
sp|P39011|BEM4_YEAST	1
sp|P00899|TRPE_YEAST	17
sp|P14681|KSS1_YEAST	1
sp|P36132|KAE1_YEAST	3
sp|Q06053|DUS3_YEAST	9
sp|P50276|MUP1_YEAST	1
sp|Q06315|SKG3_YEAST	2
sp|P38929|ATC2_YEAST	2
sp|Q03655|GAS3_YEAST	10
sp|P36041|EAP1_YEAST	3
sp|P53730|ALG12_YEAST	3
sp|P32333|MOT1_YEAST	8
sp|P15496|IDI1_YEAST	6
sp|Q08004|BUD20_YEAST	2
sp|P33339|TFC4_YEAST	1
sp|Q12118|SGT2_YEAST	12
sp|P38148|PPS1_YEAST	1
sp|P48353|HLJ1_YEAST	3
sp|P31377|STX8_YEAST	2
sp|P32492|MYO4_YEAST	2
sp|Q05541|NSE3_YEAST	1
sp|Q05583|CIAO1_YEAST	1
sp|P53981|YNB0_YEAST	9
sp|P53972|YNC2_YEAST	1
sp|P53552|THO2_YEAST	5
sp|P32618|YEF3_YEAST	3
sp|P38853|KEL1_YEAST	11
sp|P42840|YN60_YEAST	1
sp|P50102|UBP8_YEAST	2
sp|Q12068|GRE2_YEAST	2
sp|P17505|MDHM_YEAST	13
sp|P38300|MBA1_YEAST	1
sp|P21375|OSM1_YEAST	7
sp|P53305|RT27_YEAST	1
sp|P53742|NOG2_YEAST	10
sp|P46985|MNN11_YEAST	5
sp|P38764|RPN1_YEAST	28
sp|P28319|CWP1_YEAST	6
sp|P32835|GSP1_YEAST	1
sp|P47044|YJF5_YEAST	8
sp|Q06107|YP114_YEAST	2
sp|P32324|EF2_YEAST	57
sp|Q12674|ATC8_YEAST	1
sp|P38811|TRA1_YEAST	15
sp|P53252|PIL1_YEAST	10
sp|P15703|BGL2_YEAST	8
sp|P38687|SRP68_YEAST	11
sp|P38994|MSS4_YEAST	1
sp|P15019|TAL1_YEAST	16
sp|P05756|RS13_YEAST	12
sp|Q05530|YD286_YEAST	1
sp|P38137|FAT2_YEAST	10
sp|P22007|FNTB_YEAST	1
sp|P46970|NMD5_YEAST	3
sp|Q07533|CYK3_YEAST	2
sp|Q04006|UPS3_YEAST	1
sp|P22224|SEC15_YEAST	2
sp|P36010|NDK_YEAST	9
sp|Q03921|DOP1_YEAST	11
sp|P40513|MAM33_YEAST	3
sp|P11938|RAP1_YEAST	10
sp|Q06549|CDD_YEAST	2
sp|P38347|YB9P_YEAST	2
sp|P41056|RL33B_YEAST	1
sp|P32843|YME2_YEAST	4
sp|Q02793|SKI8_YEAST	2
sp|Q99258|RIB3_YEAST	4
sp|P15992|HSP26_YEAST	9
sp|P32419|MDHP_YEAST	13
sp|P40037|HMF1_YEAST	4
sp|P38122|PANB_YEAST	1
sp|P16550|APA1_YEAST	13
sp|P11491|PPB_YEAST	8
sp|P11632|NHP6A_YEAST	4
sp|P47173|YJ9J_YEAST	3
sp|P47123|MOG1_YEAST	1
sp|P36034|COS9_YEAST	1
sp|P40165|NNRE_YEAST	3
sp|P38251|RFC5_YEAST	5
sp|P52870|SC6B1_YEAST	1
sp|Q06063|DUS4_YEAST	1
sp|P23287|PP2B1_YEAST	2
sp|P17157|PHO85_YEAST	2
sp|P32775|GLGB_YEAST	3
sp|P53741|BRE5_YEAST	9
sp|Q06263|VTA1_YEAST	1
sp|P40362|UTP18_YEAST	3
sp|P39985|DPO5_YEAST	14
sp|P02994|EF1A_YEAST	51
sp|P47057|SNX4_YEAST	3
sp|P07283|PMM_YEAST	13
sp|P38281|APD1_YEAST	6
sp|Q12509|ARP6_YEAST	1
sp|O74700|TIM9_YEAST	2
sp|P20484|MAK11_YEAST	5
sp|P22434|PDE1_YEAST	1
sp|P38113|ADH5_YEAST	2
sp|Q08581|SLK19_YEAST	4
sp|P47033|PRY3_YEAST	1
sp|P32319|VPS10_YEAST	18
sp|P47141|RT26_YEAST	2
sp|Q12324|YVC1_YEAST	2
sp|P32832|RSC7_YEAST	12
sp|P38283|SLI15_YEAST	2
sp|P40055|UTP7_YEAST	6
sp|P29952|MPI_YEAST	13
sp|P47165|XPT1_YEAST	3
sp|P38689|KPR3_YEAST	7
sp|O14455|RL36B_YEAST	1
sp|Q12207|NCE2_YEAST	2
sp|Q12476|AIR2_YEAST	1
sp|Q08287|NOP8_YEAST	2
sp|P14743|NMT_YEAST	5
sp|P27466|KCC1_YEAST	4
sp|P32902|RT04_YEAST	5
sp|P16474|GRP78_YEAST	30
sp|P34216|EDE1_YEAST	26
sp|P53154|GUP1_YEAST	1
sp|Q04432|HSP31_YEAST	2
sp|P53251|SLX9_YEAST	3
sp|P36006|MYO3_YEAST	3
sp|P53303|ZPR1_YEAST	16
sp|P07271|PIF1_YEAST	2
sp|P22276|RPC2_YEAST	9
sp|Q05979|KYNU_YEAST	4
sp|P52553|PFD6_YEAST	4
sp|P38174|MAP2_YEAST	11
sp|Q06440|CORO_YEAST	17
sp|Q08621|YO201_YEAST	1
sp|P13186|KIN2_YEAST	1
sp|P35127|UBL1_YEAST	2
sp|P39110|CIN4_YEAST	1
sp|P38883|RIX1_YEAST	5
sp|P53067|IMB5_YEAST	1
sp|Q03778|RIFK_YEAST	3
sp|P38217|IMB2_YEAST	9
sp|P40970|LCB2_YEAST	7
sp|P56628|RL22B_YEAST	1
sp|P07263|SYH_YEAST	18
sp|P07991|OAT_YEAST	17
sp|P35178|RRP1_YEAST	2
sp|P16965|STF2_YEAST	1
sp|Q05946|UTP13_YEAST	9
sp|P02309|H4_YEAST	7
sp|Q03690|CLU_YEAST	38
sp|P25303|SCJ1_YEAST	7
sp|Q03497|STE20_YEAST	4
sp|Q03435|NHP10_YEAST	2
sp|P40341|YTA12_YEAST	3
sp|P33330|SERC_YEAST	15
sp|P57744|TIM8_YEAST	3
sp|P46957|DPOD2_YEAST	2
sp|P10081|IF4A_YEAST	27
sp|P31378|NTH1_YEAST	1
sp|P47148|YJ81_YEAST	1
sp|P53093|YIP4_YEAST	1
sp|P35196|RER2_YEAST	2
sp|P47102|GEA1_YEAST	3
sp|P53277|SYF2_YEAST	1
sp|P32353|ERG3_YEAST	1
sp|Q05543|RT103_YEAST	6
sp|P40517|YRB2_YEAST	6
sp|P10834|PET54_YEAST	1
sp|P53896|PGA1_YEAST	1
sp|P14843|AROF_YEAST	8
sp|P26321|RL5_YEAST	12
sp|P36149|BET3_YEAST	2
sp|P12945|NAT1_YEAST	24
sp|Q12084|DAS2_YEAST	2
sp|P06781|RHO2_YEAST	1
sp|P10080|SSBP1_YEAST	10
sp|P00425|COX5B_YEAST	1
sp|Q12743|DFM1_YEAST	3
sp|Q03124|RSC9_YEAST	8
sp|Q08977|YP260_YEAST	10
sp|P39729|RBG1_YEAST	9
sp|Q03088|SVL3_YEAST	8
sp|P38869|SVP26_YEAST	2
sp|Q07454|YD073_YEAST	1
sp|P47116|PTK2_YEAST	6
sp|P21801|SDHB_YEAST	5
sp|P61830|H3_YEAST	5
sp|P36057|SRPB_YEAST	2
sp|P25560|RER1_YEAST	1
sp|P40581|GPX3_YEAST	4
sp|P26784|RL16A_YEAST	6
sp|P53195|COG7_YEAST	2
sp|P36046|MIA40_YEAST	11
sp|Q99210|YO111_YEAST	1
sp|Q06497|ANT1_YEAST	1
sp|P38828|LSM12_YEAST	4
sp|P53084|YGW8_YEAST	1
sp|Q04651|ERV41_YEAST	4
sp|P39525|CEM1_YEAST	1
sp|P40059|DOT6_YEAST	6
sp|P00445|SODC_YEAST	10
sp|P38633|MED31_YEAST	1
sp|P24583|KPC1_YEAST	5
sp|P40047|ALDH5_YEAST	11
sp|P38758|TDA3_YEAST	12
sp|P00924|ENO1_YEAST	7
sp|P38071|ETR1_YEAST	8
sp|P25293|NAP1_YEAST	10
sp|P20606|SAR1_YEAST	9
sp|P47818|CCC1_YEAST	4
sp|P08067|UCRI_YEAST	4
sp|P38248|ECM33_YEAST	5
sp|P11433|CDC24_YEAST	5
sp|Q06205|FKBP4_YEAST	6
sp|P39081|PCF11_YEAST	2
sp|P34078|LTV1_YEAST	1
sp|Q99369|FSH3_YEAST	4
sp|P49334|TOM22_YEAST	6
sp|P53221|RL26B_YEAST	2
sp|P32597|STH1_YEAST	12
sp|Q9P305|IGO2_YEAST	2
sp|P38934|BFR1_YEAST	24
sp|Q12246|LCB4_YEAST	4
sp|P46673|NUP85_YEAST	7
sp|P07806|SYV_YEAST	36
sp|P53733|RT19_YEAST	2
sp|Q12532|TAE2_YEAST	8
sp|P23776|EXG1_YEAST	10
sp|P53978|EF3B_YEAST	3
sp|P36040|POC2_YEAST	1
sp|P33755|NPL4_YEAST	3
sp|P50874|ORC5_YEAST	1
sp|P54783|ALO_YEAST	12
sp|P53220|TIM21_YEAST	1
sp|P32601|DSS4_YEAST	1
sp|P06633|HIS7_YEAST	3
sp|P10659|METK1_YEAST	9
sp|P53854|CWC25_YEAST	1
sp|P34087|RPB7_YEAST	3
sp|Q06089|YP098_YEAST	1
sp|P38187|UBP13_YEAST	1
sp|P20049|TYR1_YEAST	2
sp|P38992|SUR2_YEAST	3
sp|Q05775|EIF3J_YEAST	10
sp|P16622|HEMH_YEAST	12
sp|P53266|SHY1_YEAST	1
sp|P25454|RAD51_YEAST	2
sp|P36165|TGL4_YEAST	4
sp|P39721|AIM2_YEAST	3
sp|Q12091|DAP1_YEAST	3
sp|P32494|NGG1_YEAST	3
sp|Q06096|COG4_YEAST	2
sp|P53953|SFB2_YEAST	6
sp|P38127|RIM2_YEAST	1
sp|P42826|XKS1_YEAST	6
sp|P37304|PAM1_YEAST	7
sp|P39104|PIK1_YEAST	1
sp|P40527|ATC7_YEAST	3
sp|Q03219|YM44_YEAST	5
sp|P40364|MPM1_YEAST	3
sp|P53743|ESF2_YEAST	3
sp|P53849|GIS2_YEAST	10
sp|Q04603|DPB4_YEAST	3
sp|P41805|RL10_YEAST	14
sp|P13134|KEX2_YEAST	1
sp|P34163|TGL1_YEAST	4
sp|P04786|TOP1_YEAST	2
sp|P48231|TCB2_YEAST	6
sp|P21242|PSA7_YEAST	7
sp|Q00955|ACAC_YEAST	68
sp|P46683|YAR1_YEAST	9
sp|P32496|RPN12_YEAST	4
sp|P40986|CDC1_YEAST	5
sp|Q04178|HPRT_YEAST	10
sp|P47143|ADK_YEAST	12
sp|P38120|RT09_YEAST	1
sp|P25586|KRR1_YEAST	5
sp|P47771|ALDH2_YEAST	4
sp|P00358|G3P2_YEAST	5
sp|P40456|YI151_YEAST	1
sp|P32466|HXT3_YEAST	7
sp|P25336|MSH3_YEAST	1
sp|Q06336|GGA1_YEAST	5
sp|P38821|DNPEP_YEAST	8
sp|P53865|CNM67_YEAST	1
sp|Q02979|GDE1_YEAST	5
sp|P47138|DPH4_YEAST	1
sp|P38768|PIH1_YEAST	4
sp|Q12255|NYV1_YEAST	2
sp|P30771|NAM7_YEAST	14
sp|Q08001|YL072_YEAST	1
sp|P39012|GAA1_YEAST	3
sp|P25372|TRX3_YEAST	4
sp|P23293|BUR1_YEAST	1
sp|P18852|GBG_YEAST	1
sp|Q03375|CWC21_YEAST	1
sp|P00812|ARGI_YEAST	7
sp|Q04439|MYO5_YEAST	12
sp|P53843|IST1_YEAST	1
sp|P53270|YG32_YEAST	4
sp|P31380|FUN30_YEAST	8
sp|P37296|STV1_YEAST	2
sp|P09798|CDC16_YEAST	1
sp|P27692|SPT5_YEAST	29
sp|P40498|UTP25_YEAST	4
sp|P41544|SYS1_YEAST	1
sp|Q04947|RTN1_YEAST	16
sp|P00942|TPIS_YEAST	15
sp|Q12164|POM33_YEAST	2
sp|P11353|HEM6_YEAST	7
sp|P40152|YNV7_YEAST	1
sp|P36059|NNRD_YEAST	7
sp|P32787|MG101_YEAST	5
sp|P40032|TPA1_YEAST	11
sp|Q00578|RAD25_YEAST	1
sp|Q08601|MCA1_YEAST	9
sp|P32911|SUI1_YEAST	4
sp|P53075|SHE10_YEAST	6
sp|P22082|SNF2_YEAST	6
sp|Q99220|OS9_YEAST	2
sp|Q08096|RCL1_YEAST	4
sp|P47083|MPP10_YEAST	5
sp|P20604|PP11_YEAST	4
sp|P21734|UBC1_YEAST	5
sp|P53088|CTU1_YEAST	1
sp|P38707|SYNC_YEAST	24
sp|P18961|YPK2_YEAST	2
sp|P47112|CDT1_YEAST	2
sp|Q03071|ELOC_YEAST	1
sp|P21373|UTR1_YEAST	3
sp|Q04935|COX20_YEAST	1
sp|Q04500|UTP14_YEAST	9
sp|Q12265|KPR5_YEAST	12
sp|P31334|RM09_YEAST	1
sp|Q12745|SEC39_YEAST	1
sp|P53759|DUS1_YEAST	1
sp|P36528|RM17_YEAST	3
sp|P00937|TRPG_YEAST	11
sp|P25270|MRM1_YEAST	1
sp|P38833|YHS7_YEAST	1
sp|Q12072|IOC2_YEAST	1
sp|P38775|YHK5_YEAST	1
sp|P47025|MDV1_YEAST	2
sp|P25349|YCP4_YEAST	11
sp|P17423|KHSE_YEAST	9
sp|P40022|YEM4_YEAST	2
sp|P43619|NADC_YEAST	6
sp|Q02767|VPS28_YEAST	1
sp|P36060|MCR1_YEAST	6
sp|Q12465|RAX2_YEAST	1
sp|P53297|PBP1_YEAST	10
sp|P26637|SYLC_YEAST	41
sp|Q92331|VPS5_YEAST	5
sp|P06101|CDC37_YEAST	7
sp|P43585|VTC2_YEAST	22
sp|Q08685|CLP1_YEAST	2
sp|P10356|YEY2_YEAST	2
sp|P53851|TEX1_YEAST	2
sp|Q08162|RRP44_YEAST	11
sp|P37292|GLYM_YEAST	17
sp|Q08224|THI20_YEAST	2
sp|P38990|SAK1_YEAST	2
sp|P25638|TAH1_YEAST	2
sp|P53731|ARPC2_YEAST	8
sp|P05374|CHO2_YEAST	5
sp|Q02785|PDR12_YEAST	20
sp|P22517|KCC2_YEAST	6
sp|P32179|MET22_YEAST	3
sp|Q05791|CD123_YEAST	2
sp|Q05166|NUP59_YEAST	3
sp|P32048|SYKM_YEAST	1
sp|P43636|ALG2_YEAST	3
sp|P02381|RMAR_YEAST	1
sp|P40414|TPM2_YEAST	9
sp|Q06132|SGD1_YEAST	2
sp|P53082|FRA2_YEAST	1
sp|P38797|PP2C7_YEAST	6
sp|P34909|NOT4_YEAST	8
sp|P32500|NDC1_YEAST	3
sp|P29468|PAP_YEAST	6
sp|P53295|RBG2_YEAST	4
sp|P36114|YKR18_YEAST	10
sp|P34248|YKK0_YEAST	3
sp|P47120|DOHH_YEAST	12
sp|P40554|URM1_YEAST	1
sp|P38069|MNN2_YEAST	7
sp|P00958|SYMC_YEAST	30
sp|P22515|UBA1_YEAST	33
sp|P42842|EMW1_YEAST	11
sp|P36531|RM36_YEAST	1
sp|P36102|PAN3_YEAST	4
sp|P39958|GDI1_YEAST	13
sp|P36015|YKT6_YEAST	10
sp|O13516|RS9A_YEAST	1
sp|P39676|FHP_YEAST	16
sp|P52917|VPS4_YEAST	8
sp|P47008|SFH5_YEAST	5
sp|P38845|CRP1_YEAST	15
sp|P53622|COPA_YEAST	38
sp|P38260|FES1_YEAST	7
sp|P14741|EI2BA_YEAST	3
sp|P48567|PUS4_YEAST	8
sp|P41818|GLC8_YEAST	5
sp|Q05506|SYRC_YEAST	33
sp|Q12500|AVL9_YEAST	2
sp|P39522|ILV3_YEAST	24
sp|P07213|TOM70_YEAST	22
sp|P38620|KPR2_YEAST	2
sp|Q06408|ARO10_YEAST	8
sp|Q04175|SXM1_YEAST	11
sp|P25443|RS2_YEAST	18
sp|P17891|CLC1_YEAST	13
sp|Q12034|SLF1_YEAST	2
sp|P38993|FET3_YEAST	4
sp|Q12517|DCP1_YEAST	3
sp|P29465|CHS3_YEAST	5
sp|P53334|SCW4_YEAST	4
sp|P40010|NUG1_YEAST	16
sp|P38765|YHI9_YEAST	4
sp|P40494|PRK1_YEAST	2
sp|P25655|NOT1_YEAST	21
sp|P25375|PRTD_YEAST	13
sp|Q06010|STE23_YEAST	11
sp|Q01448|HPC2_YEAST	1
sp|P32349|RPC3_YEAST	8
sp|P35723|YET1_YEAST	3
sp|P32566|SMI1_YEAST	5
sp|P38989|SMC2_YEAST	1
sp|P54858|DOS2_YEAST	4
sp|P38915|SPT8_YEAST	5
sp|Q06188|YL455_YEAST	1
sp|P35184|SQT1_YEAST	2
sp|P0C0V8|RS21A_YEAST	1
sp|P53193|JAC1_YEAST	1
sp|P48445|BPL1_YEAST	4
sp|Q06604|BSP1_YEAST	1
sp|Q05785|ENT2_YEAST	5
sp|Q3E776|YB255_YEAST	1
sp|P20107|ZRC1_YEAST	2
sp|P35179|SC61G_YEAST	2
sp|Q02887|ATG21_YEAST	2
sp|P38088|SYG_YEAST	32
sp|Q07623|NOP6_YEAST	5
sp|P34162|MED20_YEAST	4
sp|P56508|SNA2_YEAST	1
sp|P35194|UTP20_YEAST	13
sp|P53045|MSMO_YEAST	3
sp|Q04545|TDA9_YEAST	1
sp|P35719|MRP8_YEAST	12
sp|P40006|IRC22_YEAST	2
sp|P06785|TYSY_YEAST	9
sp|P40470|RRT14_YEAST	1
sp|P12866|STE6_YEAST	1
sp|Q04934|IVY1_YEAST	2
sp|P19955|RT31_YEAST	3
sp|P32614|FRDS_YEAST	20
sp|P42839|VNX1_YEAST	1
sp|P32900|SKG6_YEAST	1
sp|Q12270|RBD2_YEAST	1
sp|P41338|THIL_YEAST	20
sp|Q03362|YD476_YEAST	1
sp|Q12099|FAL1_YEAST	2
sp|P53094|MDS3_YEAST	3
sp|P38197|YBD6_YEAST	8
sp|P40087|DDI1_YEAST	2
sp|P25358|ELO2_YEAST	3
sp|Q12522|IF6_YEAST	3
sp|P08466|NUC1_YEAST	6
sp|Q06704|IMH1_YEAST	8
sp|Q04599|RM01_YEAST	3
sp|P53203|PEX31_YEAST	2
sp|Q02908|ELP3_YEAST	12
sp|P19211|IF5A2_YEAST	2
sp|P15873|PCNA_YEAST	6
sp|P49367|LYS4_YEAST	10
sp|Q04430|PANK_YEAST	2
sp|O13563|RPN13_YEAST	3
sp|P07149|FAS1_YEAST	84
sp|P32386|YBT1_YEAST	14
sp|P32656|CHAC_YEAST	1
sp|P38814|SBE22_YEAST	1
sp|P53217|YG1I_YEAST	1
sp|Q03246|RT17_YEAST	5
sp|P07273|TFS2_YEAST	8
sp|Q04341|MIC14_YEAST	1
sp|P31374|PSK1_YEAST	1
sp|P49626|RL4B_YEAST	2
sp|P05744|RL33A_YEAST	1
sp|Q08985|SAM4_YEAST	7
sp|Q08686|THTR_YEAST	8
sp|P34227|PRX1_YEAST	7
sp|Q00402|NUM1_YEAST	18
sp|Q07395|SYO1_YEAST	2
sp|Q03769|ENT5_YEAST	3
sp|Q08692|OSW1_YEAST	1
sp|P51998|RL4P_YEAST	3
sp|Q12168|ENG2_YEAST	2
sp|Q03973|HMO1_YEAST	7
sp|P35691|TCTP_YEAST	11
sp|P53915|NRK1_YEAST	1
sp|P53946|ARP5_YEAST	2
sp|P10662|RT01_YEAST	5
sp|P04161|PUR3_YEAST	5
sp|Q04969|SPC2_YEAST	1
sp|P43594|AIM13_YEAST	2
sp|P21951|DPOE_YEAST	5
sp|Q03771|YD161_YEAST	2
sp|P45976|FIP1_YEAST	3
sp|Q04894|ADH6_YEAST	12
sp|Q08144|TLG2_YEAST	1
sp|P32558|SPT16_YEAST	22
sp|Q99297|ODC2_YEAST	2
sp|P36076|CAB3_YEAST	2
sp|Q12690|RL13A_YEAST	1
sp|Q04182|PDR15_YEAST	2
sp|P32916|SRPR_YEAST	8
sp|P09457|ATPO_YEAST	9
sp|P37020|GEF1_YEAST	1
sp|P53832|WSC2_YEAST	1
sp|P07807|DYR_YEAST	2
sp|P18562|UPP_YEAST	10
sp|P38219|OLA1_YEAST	20
sp|P40098|FMP10_YEAST	1
sp|Q06512|NOC4_YEAST	1
sp|P53894|CBK1_YEAST	2
sp|P50875|SPT20_YEAST	1
sp|P22146|GAS1_YEAST	10
sp|P11914|MPPA_YEAST	8
sp|P53009|SCY1_YEAST	2
sp|Q04347|BUD22_YEAST	2
sp|P06105|SC160_YEAST	55
sp|P38009|PUR92_YEAST	18
sp|P25632|RSC6_YEAST	6
sp|Q08421|ETT1_YEAST	8
sp|P25559|DCC1_YEAST	1
sp|P40015|ISC1_YEAST	2
sp|P32191|GPDM_YEAST	4
sp|P28817|HIBCH_YEAST	2
sp|P25694|CDC48_YEAST	37
sp|P38885|AIM46_YEAST	2
sp|Q06032|CST9_YEAST	1
sp|P38167|ECM21_YEAST	2
sp|P32331|YMC1_YEAST	2
sp|P53292|RT35_YEAST	5
sp|Q03707|SRC1_YEAST	3
sp|P38756|YHG3_YEAST	3
sp|P38084|BAP2_YEAST	2
sp|P38624|PSB1_YEAST	6
sp|P32351|IMPX_YEAST	1
sp|P18239|ADT2_YEAST	6
sp|P38631|FKS1_YEAST	20
sp|P39103|COX14_YEAST	1
sp|Q05468|YD333_YEAST	1
sp|P41697|BUD6_YEAST	2
sp|P25441|RPC4_YEAST	4
sp|Q08961|RKM1_YEAST	1
sp|P40557|EPS1_YEAST	11
sp|Q12055|KAD6_YEAST	4
sp|P30822|XPO1_YEAST	22
sp|Q12329|HSP42_YEAST	1
sp|P32472|FKBP2_YEAST	5
sp|Q07655|WHI4_YEAST	4
sp|Q12355|PST1_YEAST	2
sp|Q12204|YOR22_YEAST	1
sp|Q08237|REXO4_YEAST	1
sp|P35177|SPT7_YEAST	3
sp|P55249|ZRT4_YEAST	34
sp|P50110|SAM37_YEAST	1
sp|P53262|VOA1_YEAST	1
sp|P38890|SET5_YEAST	3
sp|Q01163|RT23_YEAST	7
sp|Q06706|ELP1_YEAST	19
sp|D6VTK4|STE2_YEAST	6
sp|P49089|ASNS1_YEAST	14
sp|P40008|FMP52_YEAST	6
sp|P14126|RL3_YEAST	23
sp|P54113|PUR91_YEAST	16
sp|P48361|ASK10_YEAST	1
sp|P49775|HNT2_YEAST	1
sp|Q05015|FSH2_YEAST	2
sp|P32454|APE2_YEAST	23
sp|P14306|CPYI_YEAST	2
sp|Q05778|POC1_YEAST	3
sp|P30902|ATP7_YEAST	4
sp|P40825|SYA_YEAST	42
sp|P40061|TSC11_YEAST	1
sp|P28791|SEC20_YEAST	1
sp|P21182|DCAM_YEAST	2
sp|P38737|ECM29_YEAST	14
sp|P40215|NDH1_YEAST	4
sp|P32327|PYC2_YEAST	9
sp|Q07897|CMS1_YEAST	3
sp|P34222|PTH2_YEAST	4
sp|P39010|AKR1_YEAST	4
sp|P25385|BOS1_YEAST	5
sp|Q04767|TVP18_YEAST	1
sp|P09733|TBA1_YEAST	9
sp|P18888|SNF6_YEAST	1
sp|P10507|MPPB_YEAST	8
sp|P40348|RFC2_YEAST	7
sp|P05986|KAPC_YEAST	1
sp|P38753|HSE1_YEAST	4
sp|P54839|HMCS_YEAST	17
sp|P11075|SEC7_YEAST	35
sp|Q99247|YO087_YEAST	2
sp|P43599|YFI8_YEAST	1
sp|P48363|PFD3_YEAST	1
sp|Q08925|MRN1_YEAST	4
sp|P54000|SUB1_YEAST	3
sp|Q12285|MDY2_YEAST	8
sp|P16861|PFKA1_YEAST	43
sp|P16649|TUP1_YEAST	20
sp|Q03266|PABC_YEAST	2
sp|P53734|DBP6_YEAST	6
sp|P53969|SAM50_YEAST	3
sp|P32568|SNQ2_YEAST	13
sp|P47082|AVT1_YEAST	2
sp|P16603|NCPR_YEAST	17
sp|P04050|RPB1_YEAST	30
sp|P02557|TBB_YEAST	13
sp|Q03010|UME1_YEAST	1
sp|P42941|SERB_YEAST	5
sp|P53890|BNI5_YEAST	4
sp|P46677|TAF1_YEAST	1
sp|Q03262|PGM3_YEAST	6
sp|P23797|GPI12_YEAST	1
sp|P40357|SEC9_YEAST	2
sp|Q04322|GYL1_YEAST	1
sp|Q04739|GAL83_YEAST	4
sp|P21827|RCC1_YEAST	7
sp|P09880|TRNL_YEAST	6
sp|P25641|ATG15_YEAST	1
sp|P34756|FAB1_YEAST	1
sp|Q06449|PIN3_YEAST	5
sp|P43570|GYP8_YEAST	1
sp|Q01217|ARG56_YEAST	4
sp|P41735|CAT5_YEAST	2
sp|P37262|SOL2_YEAST	5
sp|P47122|NPA3_YEAST	6
sp|P52489|KPYK2_YEAST	7
sp|Q02772|PT191_YEAST	1
sp|Q02642|NACB1_YEAST	6
sp|P53091|MCM6_YEAST	8
sp|P25299|RNA15_YEAST	3
sp|P33748|MSN2_YEAST	1
sp|P38249|EIF3A_YEAST	42
sp|P53192|GET1_YEAST	2
sp|Q08208|NOP12_YEAST	13
sp|P00359|G3P3_YEAST	16
sp|P00447|SODM_YEAST	3
sp|P40016|RPN3_YEAST	14
sp|P09232|PRTB_YEAST	6
sp|Q12499|NOP58_YEAST	14
sp|Q06214|JIP5_YEAST	1
sp|P40064|NU157_YEAST	5
sp|Q04062|RPN9_YEAST	13
sp|Q12211|PUS1_YEAST	7
sp|P36121|RPC5_YEAST	2
sp|Q12753|HAA1_YEAST	3
sp|P39529|YJU6_YEAST	1
sp|P14693|SAM35_YEAST	2
sp|P46959|TRM61_YEAST	4
sp|P52911|EXG2_YEAST	6
sp|P21576|VPS1_YEAST	32
sp|Q03790|NUP53_YEAST	5
sp|P54885|PROA_YEAST	12
sp|P53632|PAP2_YEAST	1
sp|P38804|SDO1L_YEAST	3
sp|Q12125|GET4_YEAST	6
sp|P36111|YKZ5_YEAST	2
sp|P38439|LEO1_YEAST	3
sp|P22023|KRE5_YEAST	3
sp|Q08951|AP3D_YEAST	7
sp|P38340|NTM1_YEAST	4
sp|P35845|OSH1_YEAST	9
sp|Q08300|YO159_YEAST	1
sp|P39715|ECM1_YEAST	1
sp|P11412|G6PD_YEAST	11
sp|Q12165|ATPD_YEAST	2
sp|P34221|PP2C3_YEAST	3
sp|Q04225|RRB1_YEAST	12
sp|P48439|OST3_YEAST	3
sp|P44015|VAC2_YEAST	11
sp|P25294|SIS1_YEAST	11
sp|P06100|NOT2_YEAST	2
sp|P10614|CP51_YEAST	8
sp|Q02206|RSC4_YEAST	6
sp|P38710|INM1_YEAST	8
sp|P53878|YNS1_YEAST	1
sp|Q05948|YL225_YEAST	2
sp|P38225|FAT1_YEAST	6
sp|P40339|RFC4_YEAST	3
sp|P39726|GCSH_YEAST	3
sp|P48562|CLA4_YEAST	1
sp|Q08446|SGT1_YEAST	3
sp|P15700|KCY_YEAST	8
sp|P38792|RRP4_YEAST	6
sp|Q07915|RLP24_YEAST	2
sp|P25635|PWP2_YEAST	5
sp|P25604|STP22_YEAST	1
sp|P32769|HBS1_YEAST	6
sp|P13712|MSI1_YEAST	1
sp|P35718|RPC8_YEAST	1
sp|P32623|CRH2_YEAST	1
sp|P24521|ERG8_YEAST	6
sp|P21304|PWP1_YEAST	11
sp|P38747|OTU2_YEAST	3
sp|P32839|BCS1_YEAST	1
sp|P37263|YC16_YEAST	1
sp|P21264|PUR6_YEAST	24
sp|Q08412|CUE5_YEAST	9
sp|P47119|ITPA_YEAST	6
sp|P25368|RRP7_YEAST	2
sp|Q06580|MLC2_YEAST	1
sp|P46989|ATG27_YEAST	5
sp|P81449|ATPJ_YEAST	2
sp|Q06639|RSC3_YEAST	4
sp|P27351|AP2B_YEAST	1
sp|P36519|RM07_YEAST	2
sp|Q08422|YO052_YEAST	2
sp|P43579|IES1_YEAST	3
sp|P32332|OAC1_YEAST	6
sp|P53839|GOR1_YEAST	4
sp|P40535|ACA2_YEAST	2
sp|P24276|SSD1_YEAST	20
sp|P40466|FKH1_YEAST	2
sp|P32770|NRP1_YEAST	1
sp|P38272|SHE3_YEAST	6
sp|Q12486|YOR31_YEAST	4
sp|Q03640|TCB3_YEAST	29
sp|P05750|RS3_YEAST	21
sp|Q03723|OST6_YEAST	1
sp|P38130|KTR3_YEAST	6
sp|P47019|ALB1_YEAST	1
sp|P35732|DEF1_YEAST	11
sp|P00549|KPYK1_YEAST	76
sp|P00724|INV2_YEAST	6
sp|P53128|MTHR2_YEAST	2
sp|P40367|GPI7_YEAST	1
sp|P53319|6PGD2_YEAST	1
sp|P23585|HXT2_YEAST	1
sp|P32906|MNS1_YEAST	2
sp|P00572|KTHY_YEAST	2
sp|Q03835|GLRX3_YEAST	4
sp|P20676|NUP1_YEAST	3
sp|P49095|GCSP_YEAST	20
sp|P41813|FKH2_YEAST	1
sp|P50108|MNN10_YEAST	3
sp|P25297|PHO84_YEAST	10
sp|P53285|VPS62_YEAST	1
sp|P32178|CHMU_YEAST	7
sp|P38181|NU170_YEAST	8
sp|Q06151|DCPS_YEAST	10
sp|P40480|HOS4_YEAST	1
sp|P38336|POP4_YEAST	1
sp|Q04066|KFA_YEAST	3
sp|P53049|YOR1_YEAST	6
sp|P33307|CSE1_YEAST	11
sp|Q06817|SYG2_YEAST	1
sp|P32502|EI2BB_YEAST	4
sp|P34223|UBX1_YEAST	10
sp|P34164|SIP2_YEAST	1
sp|P35182|PP2C1_YEAST	3
sp|Q03940|RUVB1_YEAST	17
sp|P25808|SPB4_YEAST	4
sp|Q06116|YP117_YEAST	1
sp|P25605|ILV6_YEAST	10
sp|P25382|NLE1_YEAST	5
sp|P87108|TIM10_YEAST	4
sp|P33310|MDL1_YEAST	1
sp|Q02821|IMA1_YEAST	12
sp|Q04279|SEG1_YEAST	8
sp|P53379|MKC7_YEAST	2
sp|Q96VH5|MOS1_YEAST	4
sp|P32794|AFG2_YEAST	6
sp|P38863|SPC97_YEAST	1
sp|P46655|SYEC_YEAST	36
sp|P10664|RL4A_YEAST	1
sp|P19262|ODO2_YEAST	9
sp|P28004|PRP45_YEAST	1
sp|P15790|CSK21_YEAST	2
sp|P23255|TAF2_YEAST	1
sp|P23337|GYS1_YEAST	5
sp|P38902|RPB11_YEAST	6
sp|Q12199|TIP41_YEAST	3
sp|P42837|FIG4_YEAST	1
sp|P32795|YME1_YEAST	10
sp|P80210|PURA_YEAST	16
sp|P53218|POP6_YEAST	1
sp|P38966|YD089_YEAST	8
sp|P38800|YHO0_YEAST	1
sp|P01123|YPT1_YEAST	9
sp|Q12096|GNT1_YEAST	3
sp|P47154|STE24_YEAST	8
sp|P43571|BST1_YEAST	1
sp|Q03768|GIR2_YEAST	4
sp|P54999|RUXF_YEAST	2
sp|P27472|GYS2_YEAST	8
sp|P38694|MSC7_YEAST	7
sp|Q06685|VIP1_YEAST	19
sp|P39935|IF4F1_YEAST	19
sp|Q12008|PMG2_YEAST	5
sp|P38115|ARA1_YEAST	11
sp|P53064|RTF1_YEAST	4
sp|P28778|RT06_YEAST	1
sp|P40453|UBP7_YEAST	1
sp|P18962|DAP2_YEAST	5
sp|P33298|PRS6B_YEAST	10
sp|P25574|EMC1_YEAST	6
sp|P53166|MRH4_YEAST	3
sp|Q05931|HSP7Q_YEAST	4
sp|Q12242|RUP1_YEAST	2
sp|P33201|MRT4_YEAST	8
sp|P40545|HIS4_YEAST	1
sp|Q08924|WDR6_YEAST	5
sp|P38912|IF1A_YEAST	5
sp|Q06178|NMA1_YEAST	1
sp|P36161|NU133_YEAST	11
sp|P38226|CST26_YEAST	6
sp|P50861|RIB4_YEAST	4
sp|P10591|HSP71_YEAST	15
sp|P53962|YND5_YEAST	3
sp|P47169|MET5_YEAST	11
sp|P19658|EXO70_YEAST	3
sp|P42942|YG4I_YEAST	5
sp|P11972|SST2_YEAST	8
sp|P40468|TAO3_YEAST	5
sp|Q12510|YD156_YEAST	1
sp|P06701|SIR3_YEAST	2
sp|P41698|BUD8_YEAST	1
sp|P40345|PDAT_YEAST	1
sp|P32806|GYP6_YEAST	2
sp|Q05016|YM71_YEAST	11
sp|P40033|RSM18_YEAST	1
sp|P35189|TAF14_YEAST	3
sp|P38746|YLF2_YEAST	1
sp|Q05812|MSC3_YEAST	3
sp|P41832|BNI1_YEAST	2
sp|P23201|SPA2_YEAST	14
sp|P33324|YKJ1_YEAST	2
sp|P43569|CAF16_YEAST	6
sp|P07560|SEC4_YEAST	8
sp|Q02725|VTC3_YEAST	24
sp|Q03280|TOM1_YEAST	15
sp|P20485|KICH_YEAST	3
sp|P06738|PHSG_YEAST	27
sp|Q12283|FABD_YEAST	2
sp|P05319|RLA2_YEAST	10
sp|P48415|SEC16_YEAST	26
sp|P38749|YAP3_YEAST	1
sp|Q08217|PSK2_YEAST	3
sp|P28707|SBA1_YEAST	4
sp|P18496|ATP10_YEAST	2
sp|P22214|SEC22_YEAST	3
sp|P12686|RT13_YEAST	2
sp|P27514|PHO91_YEAST	2
sp|Q03063|DIG1_YEAST	10
sp|P53848|FOL1_YEAST	1
sp|P53224|ORM1_YEAST	1
sp|P31787|ACBP_YEAST	7
sp|Q05031|DFG5_YEAST	2
sp|Q03361|JIP4_YEAST	1
sp|P07253|CBP6_YEAST	1
sp|P40046|VTC1_YEAST	2
sp|P34167|IF4B_YEAST	21
sp|P53600|COPZ_YEAST	4
sp|P54003|SUR7_YEAST	1
sp|P42949|TIM16_YEAST	3
sp|Q00764|TPS1_YEAST	18
sp|P53900|PFD4_YEAST	5
sp|P32449|AROG_YEAST	7
sp|P53115|INO80_YEAST	11
sp|Q04600|TMA64_YEAST	8
sp|Q02892|NOG1_YEAST	12
sp|P00128|QCR7_YEAST	3
sp|P22211|NPR1_YEAST	2
sp|P19358|METK2_YEAST	5
sp|P40318|DOA10_YEAST	11
sp|Q05359|ERP1_YEAST	5
sp|P47117|ARP3_YEAST	11
sp|P39531|RCY1_YEAST	2
sp|P38932|VPS45_YEAST	4
sp|Q07418|PEX19_YEAST	4
sp|P16140|VATB_YEAST	31
sp|P43563|MOB2_YEAST	1
sp|P39743|RV167_YEAST	10
sp|P25373|GLRX1_YEAST	6
sp|Q03516|RSN1_YEAST	3
sp|P36047|SDS22_YEAST	6
sp|P07278|KAPR_YEAST	13
sp|P47035|NET1_YEAST	17
sp|P22943|HSP12_YEAST	4
sp|P53738|TR112_YEAST	3
sp|Q00416|SEN1_YEAST	6
sp|P38988|GGC1_YEAST	7
sp|Q12024|YTM1_YEAST	8
sp|P47068|BBC1_YEAST	24
sp|Q08231|THP1_YEAST	1
sp|P32642|GLRX4_YEAST	1
sp|Q03677|MTND_YEAST	2
sp|P00761|TRYP_PIG	7
sp|P53008|CWH41_YEAST	12
sp|P38169|KMO_YEAST	5
sp|P25651|CSM1_YEAST	1
sp|Q01532|BLH1_YEAST	8
sp|P38968|SEC31_YEAST	25
sp|Q03667|MIC17_YEAST	1
sp|Q04344|HNT1_YEAST	5
sp|P20447|DBP3_YEAST	14
sp|P51534|SHE4_YEAST	4
sp|Q05635|RNH2B_YEAST	2
sp|P53871|DUG3_YEAST	1
sp|P32913|VPS17_YEAST	3
sp|P32830|TIM12_YEAST	3
sp|P20051|PYRC_YEAST	7
sp|P33750|DCA13_YEAST	5
sp|P15424|MS116_YEAST	8
sp|P43123|UAP1_YEAST	13
sp|P27476|NSR1_YEAST	12
sp|P38234|RFS1_YEAST	2
sp|P52960|PIP2_YEAST	1
sp|P36029|TPO5_YEAST	1
sp|Q03525|TMA23_YEAST	2
sp|P02992|EFTU_YEAST	13
sp|P38353|SSH1_YEAST	5
sp|Q08634|YO238_YEAST	2
sp|P13259|PCY1_YEAST	2
sp|P00360|G3P1_YEAST	13
sp|P25087|ERG6_YEAST	19
sp|P40099|FTHC_YEAST	1
sp|P06367|RS14A_YEAST	1
sp|P17255|VATA_YEAST	55
sp|P39516|RS14B_YEAST	1
sp|Q03323|SDC1_YEAST	4
sp|P05739|RL6B_YEAST	6
sp|Q08444|NOB1_YEAST	5
sp|Q05533|INM2_YEAST	1
sp|P32453|ATP11_YEAST	4
sp|P38891|BCA1_YEAST	16
sp|Q03833|GIS1_YEAST	1
sp|P25566|MXR2_YEAST	2
sp|P46951|YPP1_YEAST	1
sp|Q12349|ATP14_YEAST	3
sp|P42846|KRI1_YEAST	11
sp|Q12184|ADRX_YEAST	1
sp|P38995|ATU2_YEAST	1
sp|Q08773|ISW2_YEAST	6
sp|P14922|CYC8_YEAST	13
sp|P40582|GST1_YEAST	4
sp|P53011|SEH1_YEAST	5
sp|P13393|TBP_YEAST	3
sp|Q99394|TRS33_YEAST	1
sp|Q04660|ERB1_YEAST	12
sp|P41920|YRB1_YEAST	5
sp|Q00362|2ABA_YEAST	8
sp|Q08816|YO352_YEAST	2
sp|Q12080|NOP53_YEAST	5
sp|P38627|URA8_YEAST	10
sp|P25342|CDC10_YEAST	7
sp|P12687|RM02_YEAST	2
sp|P22353|RM08_YEAST	2
sp|P21339|MSB1_YEAST	1
sp|P32657|CHD1_YEAST	15
sp|Q07979|RSC58_YEAST	7
sp|Q2V2P4|YI156_YEAST	1
sp|P38754|RL14B_YEAST	1
sp|P35197|GCS1_YEAST	13
sp|P53893|RIA1_YEAST	5
sp|P27999|RPB9_YEAST	4
sp|Q08746|RRS1_YEAST	1
sp|P07170|KAD2_YEAST	13
sp|P36084|MUD2_YEAST	2
sp|P38310|FTH1_YEAST	1
sp|Q12311|NTO1_YEAST	1
sp|P40413|TCPE_YEAST	20
sp|Q12518|ENT1_YEAST	5
sp|P32610|VATD_YEAST	4
sp|P32589|HSP7F_YEAST	28
sp|P36053|ELF1_YEAST	2
sp|Q03799|RT08_YEAST	3
sp|P50095|IMDH3_YEAST	4
sp|P38810|SFB3_YEAST	10
sp|Q3E764|TMA7_YEAST	3
sp|P36139|PET10_YEAST	6
sp|P01097|ATIF_YEAST	2
sp|P23615|SPT6_YEAST	28
sp|Q12251|YP011_YEAST	1
sp|Q06389|NCS1_YEAST	1
sp|Q03034|FDC1_YEAST	6
sp|P25642|IMG2_YEAST	2
sp|P32473|ODPB_YEAST	10
sp|P41057|RS29A_YEAST	5
sp|P36017|VPS21_YEAST	6
sp|P38111|ATR_YEAST	1
sp|P04803|SYWM_YEAST	2
sp|P32476|ERG1_YEAST	14
sp|P43556|RGD2_YEAST	2
sp|Q12108|RTC5_YEAST	1
sp|Q12221|PUF2_YEAST	1
sp|P53112|PEX14_YEAST	4
sp|P00044|CYC1_YEAST	1
sp|Q99207|NOP14_YEAST	5
sp|P06245|KAPB_YEAST	1
sp|Q03264|NGL2_YEAST	2
sp|Q08920|NCBP2_YEAST	2
sp|P28000|RPAC2_YEAST	4
sp|P14164|ABF1_YEAST	4
sp|Q12160|YP063_YEAST	2
sp|P53038|TEL2_YEAST	1
sp|P53320|MTM1_YEAST	1
sp|P53199|ERG26_YEAST	3
sp|P32527|ZUO1_YEAST	12
sp|P36973|APT2_YEAST	1
sp|Q12453|CEX1_YEAST	10
sp|P07245|C1TC_YEAST	40
sp|P47013|DS1P1_YEAST	1
sp|P53066|YGZ2_YEAST	2
sp|Q08647|PUS7_YEAST	7
sp|Q02159|UBC7_YEAST	2
sp|P33891|TIP20_YEAST	3
sp|P32660|ATC5_YEAST	11
sp|Q08748|YO296_YEAST	1
sp|P40482|SEC24_YEAST	22
sp|P34077|NIC96_YEAST	9
sp|Q02884|ELP4_YEAST	2
sp|P38555|YPT31_YEAST	4
sp|P47001|CIS3_YEAST	1
sp|Q08548|ALE1_YEAST	5
sp|P28625|YIM1_YEAST	3
sp|Q07458|RXT3_YEAST	2
sp|Q12676|FOLD_YEAST	1
sp|Q00776|AP1M1_YEAST	2
sp|Q06892|POS5_YEAST	4
sp|P48510|DSK2_YEAST	9
sp|Q07505|DLHH_YEAST	2
sp|Q12513|TMA17_YEAST	3
sp|P19812|UBR1_YEAST	7
sp|P07703|RPAC1_YEAST	8
sp|P38930|CSK2C_YEAST	3
sp|P53919|NAF1_YEAST	1
sp|Q07834|YL032_YEAST	2
sp|P47176|BCA2_YEAST	14
sp|P33775|PMT1_YEAST	9
sp|P28241|IDH2_YEAST	12
sp|Q08954|YP199_YEAST	1
sp|P10363|PRI1_YEAST	4
sp|Q12460|NOP56_YEAST	20
sp|P53438|SOK2_YEAST	1
sp|P38077|ATPG_YEAST	10
sp|P30656|PSB5_YEAST	5
sp|P53860|PDR16_YEAST	7
sp|P38063|KPR4_YEAST	6
sp|P32074|COPG_YEAST	17
sp|P22147|XRN1_YEAST	37
sp|P19880|YAP1_YEAST	6
sp|P36032|MCH2_YEAST	1
sp|P25369|LSB5_YEAST	1
sp|Q06708|VAC14_YEAST	4
sp|Q04951|SCW10_YEAST	3
sp|P28274|URA7_YEAST	17
sp|P32335|MSS51_YEAST	3
sp|P34247|UTP11_YEAST	3
sp|P29453|RL8B_YEAST	4
sp|P01120|RAS2_YEAST	9
sp|P37293|NAT2_YEAST	1
sp|P38151|PBP2_YEAST	1
sp|P18900|COQ1_YEAST	4
sp|Q01477|UBP3_YEAST	13
sp|Q08225|DPP3_YEAST	10
sp|P38616|YGP1_YEAST	3
sp|P32771|FADH_YEAST	6
sp|P32447|ASF1_YEAST	2
sp|P47017|LSM1_YEAST	3
sp|Q04213|IOC4_YEAST	1
sp|Q02608|RT16_YEAST	3
sp|P18851|GBB_YEAST	3
sp|Q06698|YL419_YEAST	5
sp|Q03020|ISU1_YEAST	1
sp|P40007|NOP16_YEAST	1
sp|Q12438|GLRX6_YEAST	1
sp|P33331|NTF2_YEAST	2
sp|Q06523|YP148_YEAST	10
sp|P38985|SRP14_YEAST	3
sp|P38297|FZO1_YEAST	1
sp|P38131|KTR4_YEAST	4
sp|P17064|FCY2_YEAST	2
sp|P36144|RL1D1_YEAST	2
sp|P39107|MNN9_YEAST	4
sp|P38286|MKAR_YEAST	5
sp|P25039|EFGM_YEAST	5
sp|P48813|GNP1_YEAST	3
sp|P36090|ANR2_YEAST	1
sp|P32505|NAB2_YEAST	5
sp|P34220|YBF5_YEAST	3
sp|P21524|RIR1_YEAST	13
sp|P25623|SYP1_YEAST	17
sp|P39939|RS26B_YEAST	1
sp|Q08215|PEX15_YEAST	1
sp|P44683|PGA4_YEAST	3
sp|P29056|TF3B_YEAST	1
sp|P32607|RTG1_YEAST	2
sp|Q07362|PBP4_YEAST	5
sp|P39079|TCPZ_YEAST	13
sp|P36117|ALY1_YEAST	1
sp|P38904|SPP41_YEAST	1
sp|Q03798|AIM36_YEAST	1
sp|Q06385|VPS74_YEAST	4
sp|P53633|PRA1_YEAST	3
sp|P19414|ACON_YEAST	29
sp|P48563|MON2_YEAST	3
sp|Q03629|YMH9_YEAST	5
sp|P32579|SUA5_YEAST	1
sp|P34761|WHI3_YEAST	1
sp|P50105|TAF4_YEAST	1
sp|Q06412|TUS1_YEAST	1
sp|P20095|PRP2_YEAST	1
sp|P06787|CALM_YEAST	8
sp|Q12109|SYWC_YEAST	17
sp|Q03954|SPC19_YEAST	2
sp|P25582|SPB1_YEAST	6
sp|P33338|SLA2_YEAST	21
sp|P54861|DNM1_YEAST	12
sp|P40354|NTA1_YEAST	1
sp|P38121|DPOA2_YEAST	2
sp|P30624|LCF1_YEAST	19
sp|P33311|MDL2_YEAST	1
sp|P49957|TRM9_YEAST	4
sp|Q12071|VPS54_YEAST	1
sp|Q02457|TBF1_YEAST	2
sp|Q12692|H2AZ_YEAST	1
sp|P38065|AP2A_YEAST	3
sp|P43593|UBP6_YEAST	19
sp|P38199|HEK2_YEAST	6
sp|Q04179|URH1_YEAST	1
sp|P34253|KTI12_YEAST	1
sp|P40021|ZRG8_YEAST	2
sp|Q3E7X9|RS28A_YEAST	1
sp|P43565|RIM15_YEAST	1
sp|Q12052|TGS1_YEAST	1
sp|P40548|SNL1_YEAST	1
sp|P48240|MTR3_YEAST	1
sp|P35202|THI80_YEAST	6
sp|P25374|NFS1_YEAST	3
sp|P14906|SEC63_YEAST	15
sp|P37838|NOP4_YEAST	8
sp|P32363|GPI3_YEAST	1
sp|P38798|NMD2_YEAST	2
sp|P33333|PLSC_YEAST	11
sp|P49687|NU145_YEAST	13
sp|P16370|RPB3_YEAST	4
sp|P15180|SYKC_YEAST	26
sp|P12683|HMDH1_YEAST	4
sp|P43586|LOC1_YEAST	3
sp|P53301|CRH1_YEAST	4
sp|P02829|HSP82_YEAST	8
sp|P38314|SDS24_YEAST	4
sp|P14284|DPOZ_YEAST	1
sp|P38238|TRM7_YEAST	1
sp|P69850|DAD3_YEAST	2
sp|Q07914|TIM14_YEAST	3
sp|P32628|RAD23_YEAST	10
sp|P38801|LRP1_YEAST	2
sp|P39969|BOI2_YEAST	4
sp|Q03714|USA1_YEAST	1
sp|P32895|KPR1_YEAST	11
sp|P38931|SSN2_YEAST	1
sp|P38716|YHR2_YEAST	3
sp|P46965|SPC1_YEAST	1
sp|Q08199|SIL1_YEAST	2
sp|P43639|CSK2B_YEAST	5
sp|P20436|RPAB3_YEAST	2
sp|P26263|PDC6_YEAST	2
sp|P36000|AP1B1_YEAST	5
sp|P36091|DCW1_YEAST	2
sp|P38109|YBY9_YEAST	5
sp|P16387|ODPA_YEAST	18
sp|P22936|APN1_YEAST	3
sp|Q00816|REG1_YEAST	5
sp|Q06216|PIG1_YEAST	1
sp|P18494|GLN3_YEAST	1
sp|P25340|ERG4_YEAST	4
sp|Q02889|MGR2_YEAST	2
sp|P39927|PTI1_YEAST	2
sp|P06103|EIF3B_YEAST	22
sp|P38784|VMA22_YEAST	2
sp|Q07825|FRA1_YEAST	4
sp|P12612|TCPA_YEAST	18
sp|P29547|EF1G1_YEAST	16
sp|P07270|PHO4_YEAST	1
sp|P40154|IES2_YEAST	1
sp|Q06677|SWA2_YEAST	3
sp|P53157|MPC1_YEAST	2
sp|P38861|NMD3_YEAST	11
sp|Q07527|TRM3_YEAST	11
sp|P15454|KGUA_YEAST	8
sp|P52490|UBC13_YEAST	3
sp|Q12341|HAT1_YEAST	2
sp|Q08831|VTS1_YEAST	1
sp|P27929|NAM9_YEAST	3
sp|P36141|FMP46_YEAST	1
sp|P39965|SYPM_YEAST	2
sp|P04456|RL25_YEAST	8
sp|P19882|HSP60_YEAST	32
sp|P53879|RHO5_YEAST	1
sp|P47054|NU192_YEAST	6
sp|Q01939|PRS8_YEAST	12
sp|Q08979|KEL3_YEAST	8
sp|Q12016|VPS68_YEAST	1
sp|P36148|GPT2_YEAST	4
sp|P07342|ILVB_YEAST	18
sp|P38426|TPS3_YEAST	16
sp|Q01976|ADPP_YEAST	5
sp|Q12241|VAM3_YEAST	1
sp|P32380|SP110_YEAST	2
sp|P53278|YG3A_YEAST	10
sp|Q12198|METW_YEAST	2
sp|P40487|DPH1_YEAST	2
sp|Q06252|YL179_YEAST	7
sp|P43321|SMD3_YEAST	1
sp|P17442|PHO81_YEAST	10
sp|P29496|MCM5_YEAST	9
sp|Q02866|MUK1_YEAST	2
sp|P53723|YN8B_YEAST	10
sp|P22203|VATE_YEAST	15
sp|P46669|RPA43_YEAST	9
sp|P38074|HMT1_YEAST	4
sp|Q05123|ARP9_YEAST	5
sp|P10961|HSF_YEAST	1
sp|P36069|PMU1_YEAST	6
sp|P25386|USO1_YEAST	21
sp|P43583|BLM10_YEAST	11
sp|P26786|RS7A_YEAST	11
sp|P32874|HFA1_YEAST	1
sp|P25344|STE50_YEAST	1
sp|P17106|CBF1_YEAST	3
sp|P47170|IML1_YEAST	1
sp|P42937|YCH1_YEAST	1
sp|P53200|AML1_YEAST	2
sp|P33754|SEC66_YEAST	1
sp|P22217|TRX1_YEAST	4
sp|P53909|ADE_YEAST	8
sp|Q06630|MHR1_YEAST	1
sp|Q03496|TR732_YEAST	4
sp|P80967|TOM5_YEAST	1
sp|Q07551|KAR_YEAST	17
sp|P08536|MET3_YEAST	1
sp|P53550|DCP2_YEAST	13
sp|P39976|DLD3_YEAST	14
sp|Q02932|KA120_YEAST	5
sp|P46948|RRP41_YEAST	1
sp|P40217|EIF3I_YEAST	12
sp|P40071|TMN3_YEAST	1
sp|Q3E705|EFG1P_YEAST	2
sp|P40495|LYS12_YEAST	16
sp|P40214|YM22_YEAST	1
sp|P38086|RDH54_YEAST	10
sp|P39730|IF2P_YEAST	23
sp|P36081|YKH7_YEAST	4
sp|P52918|MSN5_YEAST	7
sp|Q12288|YL126_YEAST	2
sp|P46988|PFD1_YEAST	5
sp|Q04773|YMW4_YEAST	4
sp|P15625|SYFA_YEAST	17
sp|P39517|DHH1_YEAST	13
sp|P07284|SYSC_YEAST	29
sp|P40160|RIO2_YEAST	2
sp|Q01560|NOP3_YEAST	9
sp|P32564|SCM4_YEAST	1
sp|Q12233|ATPN_YEAST	2
sp|P89105|CTR9_YEAST	9
sp|P40150|HSP76_YEAST	2
sp|Q01080|RPA49_YEAST	9
sp|P39929|SNF7_YEAST	3
sp|P53281|LSB1_YEAST	4
sp|P01098|STF1_YEAST	1
sp|P32337|IMB3_YEAST	8
sp|P20448|DBP4_YEAST	8
sp|P37898|AAP1_YEAST	20
sp|P50109|PSP2_YEAST	9
sp|P12695|ODP2_YEAST	20
sp|P32621|GDA1_YEAST	8
sp|P38836|ECM14_YEAST	1
sp|P39706|SWD1_YEAST	1
sp|P25037|UBP1_YEAST	6
sp|Q12151|UPC2_YEAST	1
sp|Q05515|SVF1_YEAST	8
sp|P43621|COPD_YEAST	4
sp|Q05905|HRI1_YEAST	8
sp|P04807|HXKB_YEAST	16
sp|P06704|CDC31_YEAST	3
sp|Q92317|NCB2_YEAST	4
sp|P40563|AIM21_YEAST	4
sp|P0CS90|HSP77_YEAST	26
sp|P60010|ACT_YEAST	26
sp|Q12450|ERP4_YEAST	4
sp|Q06608|PDXH_YEAST	3
sp|P49955|SF3B1_YEAST	1
sp|P28789|HEM3_YEAST	10
sp|P57743|LSM3_YEAST	2
sp|P33894|STE13_YEAST	1
sp|Q06245|SEC10_YEAST	3
sp|Q02796|LGE1_YEAST	2
sp|P38165|RTG3_YEAST	1
sp|P05748|RL15A_YEAST	2
sp|P53732|RT12_YEAST	1
sp|Q12040|YO283_YEAST	6
sp|P32565|RPN2_YEAST	22
sp|Q04675|SEN15_YEAST	1
sp|P40035|PIC2_YEAST	2
sp|Q04089|DOT1_YEAST	1
sp|P53165|SGF73_YEAST	2
sp|P38237|UBP14_YEAST	5
sp|P07143|CY1_YEAST	6
sp|P10964|RPA1_YEAST	34
sp|P14736|RAD4_YEAST	2
sp|Q12445|POM34_YEAST	1
sp|P38742|NPR3_YEAST	1
sp|P35206|CSG2_YEAST	1
sp|P36108|DID4_YEAST	2
sp|P33315|TKT2_YEAST	1
sp|P06786|TOP2_YEAST	24
sp|P38732|EFM1_YEAST	5
sp|Q08726|GPN2_YEAST	2
sp|Q3E829|YD160_YEAST	1
sp|P25339|PUF4_YEAST	5
sp|P15274|AMPD_YEAST	10
sp|P46680|AIP1_YEAST	12
sp|P24309|DBR1_YEAST	1
sp|Q04305|UTP15_YEAST	5
sp|Q12159|YRA1_YEAST	8
sp|Q08742|RDL2_YEAST	6
sp|P53829|CAF40_YEAST	2
sp|Q03390|VPS60_YEAST	1
sp|Q08176|MIM1_YEAST	1
sp|P53100|YGT5_YEAST	3
sp|P40009|YND1_YEAST	2
sp|P30657|PSB7_YEAST	6
sp|Q04636|POB3_YEAST	11
sp|P17076|RL8A_YEAST	4
sp|P53119|HUL5_YEAST	1
sp|P39006|PSD1_YEAST	1
sp|P50896|PSP1_YEAST	4
sp|P40472|SIM1_YEAST	1
sp|P38910|CH10_YEAST	6
sp|P05373|HEM2_YEAST	9
sp|P40541|SCC3_YEAST	2
sp|P40091|PEA2_YEAST	1
sp|P38345|FMP21_YEAST	1
sp|Q02629|NU100_YEAST	3
sp|P32875|LIPA_YEAST	3
sp|P41277|GPP1_YEAST	8
sp|P16120|THRC_YEAST	24
sp|Q06144|ORM2_YEAST	1
sp|P32529|RPA12_YEAST	2
sp|Q08962|NIP7_YEAST	5
sp|P41910|MAF1_YEAST	1
sp|P11655|SEC12_YEAST	2
sp|P53847|DSL1_YEAST	5
sp|P53845|YIF1_YEAST	1
sp|P33328|SNC2_YEAST	1
sp|P22804|BET1_YEAST	1
sp|Q04264|PDS5_YEAST	6
sp|P47061|VPS53_YEAST	4
sp|P00931|TRP_YEAST	24
sp|P38629|RFC3_YEAST	7
sp|Q12277|RRP42_YEAST	1
sp|P40018|RSMB_YEAST	1
sp|P38759|VPS29_YEAST	6
sp|P00817|IPYR_YEAST	14
sp|P53858|BNI4_YEAST	1
sp|P39523|YM11_YEAST	3
sp|P53914|KRE33_YEAST	23
sp|P39111|VATF_YEAST	3
sp|P53920|NM111_YEAST	14
sp|P38625|GUAA_YEAST	20
sp|P29703|FNTA_YEAST	3
sp|P38772|BCD1_YEAST	2
sp|P05749|RL22A_YEAST	3
sp|P41911|GPD2_YEAST	4
sp|P32490|MKK1_YEAST	1
sp|Q04370|PEX12_YEAST	1
sp|Q12754|RRP12_YEAST	10
sp|P53889|FMP41_YEAST	3
sp|Q04004|PLP1_YEAST	2
sp|Q05892|YL290_YEAST	3
sp|Q12018|CDC53_YEAST	11
sp|P38061|RL32_YEAST	9
sp|P23833|SCO1_YEAST	2
sp|Q04228|UBX2_YEAST	2
sp|P40319|ELO3_YEAST	3
sp|P47079|TCPQ_YEAST	22
sp|P27637|BUD14_YEAST	1
sp|P11484|HSP75_YEAST	5
sp|Q03177|YMZ2_YEAST	3
sp|P15436|DPOD_YEAST	2
sp|Q04869|YM94_YEAST	8
sp|P40075|SCS2_YEAST	11
sp|P06174|HEM4_YEAST	2
sp|P37254|PABS_YEAST	3
sp|Q12331|YFAS1_YEAST	1
sp|P53189|SCW11_YEAST	2
sp|Q02939|TFB2_YEAST	1
sp|P38628|AGM1_YEAST	12
sp|Q05854|YL278_YEAST	1
sp|Q07438|YD071_YEAST	1
sp|Q12166|LEU9_YEAST	6
sp|P54780|RL15B_YEAST	1
sp|P25583|KAR4_YEAST	1
sp|P38698|PPX1_YEAST	3
sp|Q06168|SFH1_YEAST	3
sp|P11325|SYLM_YEAST	1
sp|P36135|UTH1_YEAST	3
sp|Q04602|VBA4_YEAST	3
sp|P29469|MCM2_YEAST	7
sp|P14904|AMPL_YEAST	18
sp|Q12274|YOR97_YEAST	1
sp|Q07824|TPO1_YEAST	1
sp|P04840|VDAC1_YEAST	16
sp|P38333|ENP1_YEAST	10
sp|P32342|SRP21_YEAST	4
sp|Q04410|GRH1_YEAST	4
sp|Q12335|PST2_YEAST	7
sp|Q08965|BMS1_YEAST	12
sp|P53881|RM22_YEAST	1
sp|Q06696|VPS36_YEAST	2
sp|Q02554|CUS1_YEAST	2
sp|P36112|FCJ1_YEAST	11
sp|P53335|PXR1_YEAST	3
sp|P34243|HCS1_YEAST	2
sp|P53388|DIP5_YEAST	1
sp|Q08204|SMC5_YEAST	1
sp|Q12326|PMG3_YEAST	1
sp|P53204|NMA2_YEAST	1
sp|P53877|IPI3_YEAST	5
sp|Q99257|MEX67_YEAST	8
sp|P40478|VDAC2_YEAST	1
sp|P53968|CRZ1_YEAST	1
sp|P17695|GLRX2_YEAST	3
sp|P49954|NIT3_YEAST	10
sp|Q08641|AB140_YEAST	10
sp|P22137|CLH_YEAST	52
sp|P38112|MAK5_YEAST	6
sp|P28273|OPLA_YEAST	18
sp|P38825|TOM71_YEAST	8
sp|P53629|ARE2_YEAST	2
sp|Q02201|OSH6_YEAST	5
sp|P22213|SLY1_YEAST	8
sp|Q12466|TCB1_YEAST	20
sp|P17898|CPT1_YEAST	1
sp|P20434|RPAB1_YEAST	2
sp|Q03103|ERO1_YEAST	4
sp|P32608|RTG2_YEAST	8
sp|Q07844|RIX7_YEAST	11
sp|Q07381|TSR1_YEAST	7
sp|P32591|SWI3_YEAST	6
sp|P27809|KRE2_YEAST	8
sp|P07884|MOD5_YEAST	1
sp|Q12074|SPEE_YEAST	11
sp|P39986|ATC6_YEAST	26
sp|P12630|BAR1_YEAST	5
sp|P25043|PSB2_YEAST	5
sp|Q04119|PPN1_YEAST	8
sp|Q06169|PEX30_YEAST	6
sp|P32288|GLNA_YEAST	9
sp|P38081|YBQ6_YEAST	7
sp|P17555|CAP_YEAST	15
sp|P20795|VPS33_YEAST	1
sp|P10962|MAK16_YEAST	1
sp|P89102|SEC5_YEAST	3
sp|P42073|REF2_YEAST	1
sp|Q05521|DPP1_YEAST	2
sp|P05740|RL17A_YEAST	1
sp|P38085|TAT1_YEAST	4
sp|Q07528|ATG20_YEAST	1
sp|Q02773|RPM2_YEAST	2
sp|P06102|NOT3_YEAST	4
sp|Q12078|SMF3_YEAST	3
sp|P11633|NHP6B_YEAST	2
sp|P32481|IF2G_YEAST	20
sp|P40056|GET2_YEAST	2
sp|P29704|FDFT_YEAST	10
sp|P39077|TCPG_YEAST	21
sp|P32563|VPH1_YEAST	19
sp|P40053|AIM9_YEAST	18
sp|P50085|PHB2_YEAST	8
sp|P04147|PABP_YEAST	28
sp|Q12205|MNL2_YEAST	2
sp|Q05471|SWR1_YEAST	1
sp|Q04781|LTN1_YEAST	5
sp|P36516|RM03_YEAST	6
sp|Q01662|MAP1_YEAST	12
sp|P46151|MTHR1_YEAST	1
sp|Q05027|TAF9_YEAST	2
sp|P12754|EI2BD_YEAST	6
sp|P52871|SC6B2_YEAST	2
sp|P38143|GPX2_YEAST	7
sp|Q06631|BFR2_YEAST	12
sp|Q12354|APTH1_YEAST	4
sp|P27697|COQ8_YEAST	1
sp|P36126|SPO14_YEAST	1
sp|P00815|HIS2_YEAST	29
sp|Q12276|HER1_YEAST	2
sp|Q12234|RUD3_YEAST	3
sp|P17967|PDI_YEAST	22
sp|P51402|RL37B_YEAST	3
sp|P23639|PSA2_YEAST	6
sp|P33734|HIS5_YEAST	18
sp|P40308|TGL3_YEAST	2
sp|P39984|HAT2_YEAST	2
sp|P39925|AFG3_YEAST	1
sp|Q04177|UTP5_YEAST	3
sp|Q03735|NAB6_YEAST	2
sp|Q12495|RLF2_YEAST	3
sp|P05755|RS9B_YEAST	1
sp|P09064|IF2B_YEAST	14
sp|P08679|CISY2_YEAST	1
sp|P36024|SIS2_YEAST	7
sp|Q12446|LAS17_YEAST	3
sp|P40457|MLP2_YEAST	9
sp|P39990|SNU13_YEAST	5
sp|P38858|SOL3_YEAST	7
sp|P13663|DHAS_YEAST	19
sp|P36147|PAM17_YEAST	1
sp|P40340|TBP7_YEAST	1
sp|Q03214|ECM5_YEAST	1
sp|P14742|GFA1_YEAST	22
sp|P40317|SOK1_YEAST	1
sp|P38708|YHI0_YEAST	28
sp|P21538|REB1_YEAST	6
sp|P53898|NSG2_YEAST	1
sp|P32489|MEI5_YEAST	1
sp|Q06344|ESF1_YEAST	2
sp|P36159|RNZ_YEAST	1
sp|P27705|MIG1_YEAST	2
sp|P38011|GBLP_YEAST	23
sp|Q12196|RIO1_YEAST	2
sp|P32831|NGR1_YEAST	4
sp|P31382|PMT2_YEAST	5
sp|Q12230|LSP1_YEAST	13
sp|Q06705|CSR1_YEAST	9
sp|P26754|RFA2_YEAST	4
sp|P10869|AK_YEAST	11
sp|Q06339|TFC6_YEAST	1
sp|P53207|SNU71_YEAST	1
sp|P38786|RPP1_YEAST	3
sp|P32598|PP12_YEAST	11
sp|P32583|SRP40_YEAST	3
sp|P40580|BZRD_YEAST	9
sp|P38793|TRM5_YEAST	4
sp|P37297|STT4_YEAST	5
sp|P38720|6PGD1_YEAST	21
sp|P53885|MDG1_YEAST	6
sp|P47084|YJX3_YEAST	1
sp|P38697|IMDH2_YEAST	4
sp|P40347|PPAL_YEAST	2
sp|P38688|SRP72_YEAST	9
sp|P27810|KTR1_YEAST	6
sp|P25379|STDH_YEAST	10
sp|P53736|YN8O_YEAST	1
sp|P40474|QDR2_YEAST	1
sp|P53844|PDR17_YEAST	3
sp|Q04067|EIF3G_YEAST	12
sp|P53883|NOP13_YEAST	11
sp|Q04740|RNH1_YEAST	1
sp|Q03016|GIP3_YEAST	2
sp|P38080|AKL1_YEAST	5
sp|P46956|PHO86_YEAST	1
sp|Q01802|AATM_YEAST	2
sp|Q12263|GIN4_YEAST	9
sp|Q12389|DBP10_YEAST	6
sp|P07172|HIS8_YEAST	6
sp|Q07457|BRE1_YEAST	7
sp|P36152|DRE2_YEAST	7
sp|Q06488|RSC2_YEAST	6
sp|P07264|LEUC_YEAST	33
sp|P38261|EXO84_YEAST	4
sp|P08018|PBS2_YEAST	2
sp|Q12432|EAF3_YEAST	5
sp|P39015|STM1_YEAST	22
sp|P53721|RCF2_YEAST	1
sp|P25618|CWH43_YEAST	2
sp|P38132|MCM7_YEAST	2
sp|P38241|SLT11_YEAST	3
sp|P32462|ERG24_YEAST	1
sp|P38879|NACA_YEAST	7
sp|P05759|RS27A_YEAST	4
sp|P36051|MCD4_YEAST	2
sp|P32347|DCUP_YEAST	3
sp|P39526|LAA1_YEAST	2
sp|P32783|MCES_YEAST	4
